district,elderly_pop
Agra,37866
Aligarh,33863
Ambedkar Nagar,26230
Amethi,17262
Amroha,12505
Auraiya,12554
Ayodhya,16786
Azamgarh,47221
Baghpat,15141
Bahraich,26275
Ballia,35328
Balrampur,17333
Banda,16716
Barabanki,22155
Bareilly,34772
Basti,21502
Bhadohi,10602
Bijnor,30575
Budaun,24887
Bulandshahr,32672
Chandauli,17089
Chitrakoot,8341
Deoria,33289
Etah,17223
Etawah,16249
Farrukhabad,13104
Fatehpur,23259
Firozabad,23253
Gautam Buddha Nagar,14342
Ghaziabad,38446
Ghazipur,37333
Gonda,30292
Gorakhpur,45721
Hamirpur,11361
Hapur,9039
Hardoi,33512
Hathras,10602
Jalaun,19010
Jaunpur,50080
Jhansi,20018
Kannauj,13137
Kanpur Dehat,18987
Kanpur Nagar,48679
Kasganj,9718
Kaushambi,13089
Kheri,31090
Kushi,12505
Lalitpur,9952
Lucknow,41516
Maharajganj,18282
Mahoba,10207
Mainpuri,19248
Mathura,23208
Meerut,30769
Mirzapur,23493
Moradabad,31262
Muzaffarnagar,38619
Pilibhit,15137
Pratapgarh,6677
Prayagraj,40437
Rae Bareli,31940
Rampur,14427
Saharanpur,30335
Sambhal,14815
Sant Kabeer Nagar,11621
Shahjahanpur,19345
Shamli,8631
Shravasti,7612
Siddharth Nagar,17398
Sitapur,39407
Sonbhadra,14278
Sultanpur,39719
Unnao,27927
Varanasi,34409
