District Name,State,Projected Population (2024),Death Rate Per 1000 Population (2020),Daily Death,Representative Climate-City,Altitude of the District (in m),Altitude of Representative City (in m),Difference between Altitude,Associated percent increase in mortality risk due to a 5-day heatwave,Total Excess deaths due to a 5-day heatwave (97th percentile),Associated percent increase in mortality risk due to a 1-day heatwave,Total Excess deaths due to a 1-day heatwave,,Overview,Count,,,,City,Altitude (m)
Barpeta,Assam,1566460,6.2,27,Kolkata,35.0,9.0,26.0,15.4,20,11.2,3,,Total Excess Deaths due to a 5-day heatwave,29967,,,,Delhi,216
Bongaigaon,Assam,839315,6.2,14,Kolkata,62.0,9.0,53.0,15.4,11,11.2,2,,Excess deaths due to a 1-day heatwave,3384,,,,Shimla,2276
Cachar,Assam,2016710,6.2,34,Kolkata,22.0,9.0,13.0,15.4,26,11.2,4,,,,,,,Varanasi,80
Darrang,Assam,1055693,6.2,18,Kolkata,34.0,9.0,25.0,15.4,14,11.2,2,,,,,,,Kolkata,9
Dhemaji,Assam,785256,6.2,13,Kolkata,104.0,9.0,95.0,15.4,10,11.2,1,,,,,,,Mumbai,14
Dhubri,Assam,1796256,6.2,31,Kolkata,30.0,9.0,21.0,15.4,23,11.2,3,,,,,,,Pune,560
Dibrugarh,Assam,1540663,6.2,26,Kolkata,108.0,9.0,99.0,15.4,20,11.2,3,,,,,,,Ahmedabad,53
Goalpara,Assam,1163966,6.2,20,Kolkata,35.0,9.0,26.0,15.4,15,11.2,2,,,,,,,Chennai,6
Golaghat,Assam,1224438,6.2,21,Kolkata,95.0,9.0,86.0,15.4,16,11.2,2,,,,,,,Hyderabad,505
Hailakandi,Assam,754801,6.2,13,Kolkata,21.0,9.0,12.0,15.4,10,11.2,1,,,,,,,Bangalore,920
Jorhat,Assam,1082074,6.2,18,Kolkata,116.0,9.0,107.0,15.4,14,11.2,2,,,,,,,,
Kamrup,Assam,1775151,6.2,30,Kolkata,55.0,9.0,46.0,15.4,23,11.2,3,,,,,,,,
Karbi Anglong,Assam,763811,6.2,13,Kolkata,300.0,9.0,291.0,15.4,10,11.2,1,,,,,,,,
Karimganj,Assam,1409680,6.2,24,Kolkata,14.0,9.0,5.0,15.4,18,11.2,3,,,,,,,,
Kokrajhar,Assam,1014148,6.2,17,Kolkata,38.0,9.0,29.0,15.4,13,11.2,2,,,,,,,,
Lakhimpur,Assam,1195400,6.2,20,Kolkata,102.0,9.0,93.0,15.4,16,11.2,2,,,,,,,,
Marigaon,Assam,1096624,6.2,19,Kolkata,47.0,9.0,38.0,15.4,14,11.2,2,,,,,,,,
Nagaon,Assam,2175616,6.2,37,Kolkata,60.0,9.0,51.0,15.4,28,11.2,4,,,,,,,,
Nalbari,Assam,887393,6.2,15,Kolkata,42.0,9.0,33.0,15.4,12,11.2,2,,,,,,,,
Dima Hasao,Assam,252203,6.2,4,Kolkata,680.0,9.0,671.0,15.4,3,11.2,0,,,,,,,,
Sivasagar,Assam,821742,6.2,14,Kolkata,95.0,9.0,86.0,15.4,11,11.2,2,,,,,,,,
Sonitpur,Assam,1368605,6.2,23,Kolkata,79.0,9.0,70.0,15.4,18,11.2,3,,,,,,,,
Tinsukia,Assam,1545657,6.2,26,Kolkata,123.0,9.0,114.0,15.4,20,11.2,3,,,,,,,,
Chirang,Assam,566964,6.2,10,Kolkata,45.0,9.0,36.0,15.4,7,11.2,1,,,,,,,,
Baksa,Assam,797975,6.2,14,Kolkata,50.0,9.0,41.0,15.4,10,11.2,2,,,,,,,,
Udalguri,Assam,954096,6.2,16,Kolkata,80.0,9.0,71.0,15.4,12,11.2,2,,,,,,,,
Kamrup Metro,Assam,1543479,6.2,26,Kolkata,55.0,9.0,46.0,15.4,20,11.2,3,,,,,,,,
Biswanath,Assam,839257,6.2,14,Kolkata,75.0,9.0,66.0,15.4,11,11.2,2,,,,,,,,
Majuli,Assam,189693,6.2,3,Kolkata,84.0,9.0,75.0,15.4,2,11.2,0,,,,,,,,
South Salmara Mancachar,Assam,444635,6.2,8,Kolkata,28.0,9.0,19.0,15.4,6,11.2,1,,,,,,,,
Charaideo,Assam,499982,6.2,8,Kolkata,95.0,9.0,86.0,15.4,7,11.2,1,,,,,,,,
Hojai,Assam,1081894,6.2,18,Kolkata,60.0,9.0,51.0,15.4,14,11.2,2,,,,,,,,
West Karbi Anglong,Assam,337591,6.2,6,Kolkata,300.0,9.0,291.0,15.4,4,11.2,1,,,,,,,,
Bajali,Assam,376073,6.2,6,Kolkata,45.0,9.0,36.0,15.4,5,11.2,1,,,,,,,,
Tamulpur,Assam,283179,6.2,5,Kolkata,50.0,9.0,41.0,15.4,4,11.2,1,State wide Total,,,,,,,
Imphal West,Manipur,622860,4.3,7,Shimla,786.0,2276.0,1490.0,32.0,12,6,0,,,,,,,,
Kakching,Manipur,156052,4.3,2,Shimla,780.0,2276.0,1496.0,32.0,3,6,0,,,,,,,,
Bishnupur,Manipur,273878,4.3,3,Shimla,828.0,2276.0,1448.0,32.0,5,6,0,,,,,,,,
Churachandpur,Manipur,256708,4.3,3,Shimla,914.0,2276.0,1362.0,32.0,5,6,0,,,,,,,,
Noney,Manipur,55107,4.3,1,Shimla,1200.0,2276.0,1076.0,32.0,1,6,0,,,,,,,,
Pherzawl,Manipur,43742,4.3,1,Shimla,1300.0,2276.0,976.0,32.0,1,6,0,,,,,,,,
Jiribam,Manipur,48885,4.3,1,Shimla,45.0,2276.0,2231.0,32.0,1,6,0,,,,,,,,
Imphal East,Manipur,480200,4.3,6,Shimla,790.0,2276.0,1486.0,32.0,9,6,0,,,,,,,,
Thoubal,Manipur,330170,4.3,4,Shimla,790.0,2276.0,1486.0,32.0,6,6,0,,,,,,,,
Tengnoupal,Manipur,67249,4.3,1,Shimla,1200.0,2276.0,1076.0,32.0,1,6,0,,,,,,,,
Kamjong,Manipur,52838,4.3,1,Shimla,1300.0,2276.0,976.0,32.0,1,6,0,,,,,,,,
Ukhrul,Manipur,151659,4.3,2,Shimla,1662.0,2276.0,614.0,32.0,3,6,0,,,,,,,,
Kangpokpi,Manipur,211275,4.3,2,Shimla,1200.0,2276.0,1076.0,32.0,4,6,0,,,,,,,,
Tamenglong,Manipur,100937,4.3,1,Shimla,1290.0,2276.0,986.0,32.0,2,6,0,,,,,,,,
Chandel,Manipur,92151,4.3,1,Shimla,1100.0,2276.0,1176.0,32.0,2,6,0,,,,,,,,
Senapati,Manipur,309112,4.3,4,Shimla,1500.0,2276.0,776.0,32.0,6,6,0,,,,,,,,
East Garo Hills,Meghalaya,165437,5.3,2,Shimla,650.0,2276.0,1626.0,32.0,4,6,0,,,,,,,,
East Khasi Hills,Meghalaya,949644,5.3,14,Shimla,1496.0,2276.0,780.0,32.0,22,6,1,,,,,,,,
West Jaintia Hills,Meghalaya,308811,5.3,4,Shimla,1380.0,2276.0,896.0,32.0,7,6,0,,,,,,,,
Ri Bhoi,Meghalaya,293574,5.3,4,Shimla,800.0,2276.0,1476.0,32.0,7,6,0,,,,,,,,
South Garo Hills,Meghalaya,161392,5.3,2,Shimla,100.0,2276.0,2176.0,32.0,4,6,0,,,,,,,,
West Garo Hills,Meghalaya,534506,5.3,8,Shimla,600.0,2276.0,1676.0,32.0,12,6,0,,,,,,,,
West Khasi Hills,Meghalaya,191245,5.3,3,Shimla,1400.0,2276.0,876.0,32.0,4,6,0,,,,,,,,
North Garo Hills,Meghalaya,195744,5.3,3,Shimla,500.0,2276.0,1776.0,32.0,5,6,0,,,,,,,,
East Jaintia Hills,Meghalaya,138898,5.3,2,Shimla,1300.0,2276.0,976.0,32.0,3,6,0,,,,,,,,
South West Khasi Hills,Meghalaya,112378,5.3,2,Shimla,1400.0,2276.0,876.0,32.0,3,6,0,,,,,,,,
South West Garo Hills,Meghalaya,195688,5.3,3,Shimla,150.0,2276.0,2126.0,32.0,5,6,0,,,,,,,,
Eastern West Khasi Hills,Meghalaya,131575,5.3,2,Shimla,1300.0,2276.0,976.0,32.0,3,6,0,,,,,,,,
Champhai,Mizoram,81771,4.2,1,Shimla,1678.0,2276.0,598.0,32.0,2,6,0,,,,,,,,
Saiha,Mizoram,63850,4.2,1,Shimla,729.0,2276.0,1547.0,32.0,1,6,0,,,,,,,,
Lawngtlai,Mizoram,128661,4.2,1,Shimla,1000.0,2276.0,1276.0,32.0,2,6,0,,,,,,,,
Kolasib,Mizoram,96097,4.2,1,Shimla,888.0,2276.0,1388.0,32.0,2,6,0,,,,,,,,
Mamit,Mizoram,94202,4.2,1,Shimla,718.0,2276.0,1558.0,32.0,2,6,0,,,,,,,,
Lunglei,Mizoram,150395,4.2,2,Shimla,722.0,2276.0,1554.0,32.0,3,6,0,,,,,,,,
Aizawl,Mizoram,434255,4.2,5,Shimla,1132.0,2276.0,1144.0,32.0,8,6,0,,,,,,,,
Saitual,Mizoram,55586,4.2,1,Shimla,1200.0,2276.0,1076.0,32.0,1,6,0,,,,,,,,
Khawzawl,Mizoram,40237,4.2,0,Shimla,1300.0,2276.0,976.0,32.0,1,6,0,,,,,,,,
Hnahthial,Mizoram,31391,4.2,0,Shimla,1200.0,2276.0,1076.0,32.0,1,6,0,,,,,,,,
Serchhip,Mizoram,73736,4.2,1,Shimla,1111.0,2276.0,1165.0,32.0,1,6,0,,,,,,,,
Dimapur,Nagaland,326403,4.2,4,Shimla,260.0,2276.0,2016.0,32.0,6,6,0,,,,,,,,
Kohima,Nagaland,295145,3.7,3,Shimla,1444.0,2276.0,832.0,32.0,5,6,0,,,,,,,,
Mokokchung,Nagaland,221130,3.7,2,Shimla,1325.0,2276.0,951.0,32.0,4,6,0,,,,,,,,
Mon,Nagaland,246341,3.7,2,Shimla,655.0,2276.0,1621.0,32.0,4,6,0,,,,,,,,
Phek,Nagaland,162992,3.7,2,Shimla,1524.0,2276.0,752.0,32.0,3,6,0,,,,,,,,
Tuensang,Nagaland,156520,3.7,2,Shimla,1371.0,2276.0,905.0,32.0,3,6,0,,,,,,,,
Wokha,Nagaland,176107,3.7,2,Shimla,1313.0,2276.0,963.0,32.0,3,6,0,,,,,,,,
Zunheboto,Nagaland,146958,3.7,1,Shimla,1874.0,2276.0,402.0,32.0,2,6,0,,,,,,,,
Peren,Nagaland,94430,3.7,1,Shimla,1445.0,2276.0,831.0,32.0,2,6,0,,,,,,,,
Kiphire,Nagaland,79284,3.7,1,Shimla,896.0,2276.0,1380.0,32.0,1,6,0,,,,,,,,
Longleng,Nagaland,50371,3.7,1,Shimla,1066.0,2276.0,1210.0,32.0,1,6,0,,,,,,,,
Noklak,Nagaland,46920,3.7,0,Shimla,1200.0,2276.0,1076.0,32.0,1,6,0,,,,,,,,
Tseminyu,Nagaland,54408,3.7,1,Shimla,1500.0,2276.0,776.0,32.0,1,6,0,,,,,,,,
Chumoukedima,Nagaland,195564,3.7,2,Shimla,260.0,2276.0,2016.0,32.0,3,6,0,,,,,,,,
Gomati,Tripura,480150,3.7,5,Shimla,26.0,2276.0,2250.0,32.0,8,6,0,,,,,,,,
Dhalai,Tripura,381934,5.7,6,Shimla,49.0,2276.0,2227.0,32.0,10,6,0,,,,,,,,
Khowai,Tripura,334519,5.7,5,Shimla,41.0,2276.0,2235.0,32.0,8,6,0,,,,,,,,
North Tripura,Tripura,450557,5.7,7,Shimla,29.0,2276.0,2247.0,32.0,11,6,0,,,,,,,,
South Tripura,Tripura,428838,5.7,7,Shimla,31.0,2276.0,2245.0,32.0,11,6,0,,,,,,,,
Sepahijala,Tripura,482960,5.7,8,Shimla,25.0,2276.0,2251.0,32.0,12,6,0,,,,,,,,
Unakoti,Tripura,288585,5.7,5,Shimla,94.0,2276.0,2182.0,32.0,7,6,0,,,,,,,,
West Tripura,Tripura,1336737,5.7,21,Shimla,12.0,2276.0,2264.0,32.0,33,6,1,,,,,,,,
Changlang,Arunachal Pradesh,165957,5.7,3,Shimla,200.0,2276.0,2076.0,32.0,4,6,0,,,,,,,,
Dibang Valley,Arunachal Pradesh,9210,5.7,0,Shimla,1280.0,2276.0,996.0,32.0,0,6,0,,,,,,,,
East Kameng,Arunachal Pradesh,76178,5.7,1,Shimla,1200.0,2276.0,1076.0,32.0,2,6,0,,,,,,,,
East Siang,Arunachal Pradesh,87772,5.7,1,Shimla,150.0,2276.0,2126.0,32.0,2,6,0,,,,,,,,
Kurung Kumey,Arunachal Pradesh,50113,5.7,1,Shimla,1500.0,2276.0,776.0,32.0,1,6,0,,,,,,,,
Lohit,Arunachal Pradesh,57991,5.7,1,Shimla,200.0,2276.0,2076.0,32.0,1,6,0,,,,,,,,
Lower Dibang Valley,Arunachal Pradesh,61391,5.7,1,Shimla,500.0,2276.0,1776.0,32.0,2,6,0,,,,,,,,
Lower Subansiri,Arunachal Pradesh,76620,5.7,1,Shimla,1000.0,2276.0,1276.0,32.0,2,6,0,,,,,,,,
Papum Pare,Arunachal Pradesh,211942,5.7,3,Shimla,300.0,2276.0,1976.0,32.0,5,6,0,,,,,,,,
Tawang,Arunachal Pradesh,56859,5.7,1,Shimla,2669.0,2276.0,393.0,32.0,1,6,0,,,,,,,,
Tirap,Arunachal Pradesh,63414,5.7,1,Shimla,1200.0,2276.0,1076.0,32.0,2,6,0,,,,,,,,
Upper Siang,Arunachal Pradesh,39929,5.7,1,Shimla,600.0,2276.0,1676.0,32.0,1,6,0,,,,,,,,
Upper Subansiri,Arunachal Pradesh,86458,5.7,1,Shimla,1500.0,2276.0,776.0,32.0,2,6,0,,,,,,,,
West Kameng,Arunachal Pradesh,94960,5.7,1,Shimla,2000.0,2276.0,276.0,32.0,2,6,0,,,,,,,,
West Siang,Arunachal Pradesh,61470,5.7,1,Shimla,1000.0,2276.0,1276.0,32.0,2,6,0,,,,,,,,
Anjaw,Arunachal Pradesh,23362,5.7,0,Shimla,1296.0,2276.0,980.0,32.0,1,6,0,,,,,,,,
Longding,Arunachal Pradesh,63158,5.7,1,Shimla,200.0,2276.0,2076.0,32.0,2,6,0,,,,,,,,
Kra Daadi,Arunachal Pradesh,51127,5.7,1,Shimla,1500.0,2276.0,776.0,32.0,1,6,0,,,,,,,,
Namsai,Arunachal Pradesh,107773,5.7,2,Shimla,150.0,2276.0,2126.0,32.0,3,6,0,,,,,,,,
Siang,Arunachal Pradesh,35515,5.7,1,Shimla,500.0,2276.0,1776.0,32.0,1,6,0,,,,,,,,
Kamle,Arunachal Pradesh,24194,5.7,0,Shimla,1000.0,2276.0,1276.0,32.0,1,6,0,,,,,,,,
Lower Siang,Arunachal Pradesh,19413,5.7,0,Shimla,200.0,2276.0,2076.0,32.0,0,6,0,,,,,,,,
Pakke Kessang,Arunachal Pradesh,13494,5.7,0,Shimla,1500.0,2276.0,776.0,32.0,0,6,0,,,,,,,,
Leparada,Arunachal Pradesh,22885,5.7,0,Shimla,1000.0,2276.0,1276.0,32.0,1,6,0,,,,,,,,
Shi Yomi,Arunachal Pradesh,14569,5.7,0,Shimla,2000.0,2276.0,276.0,32.0,0,6,0,,,,,,,,
Ajmer,Rajasthan,3133442,5.6,48,Ahmedabad,486.0,53.0,433.0,42.4,102,20.9,10,,,,,,,,
Alwar,Rajasthan,4358404,5.6,67,Ahmedabad,268.0,53.0,215.0,42.4,142,20.9,14,,,,,,,,
Banswara,Rajasthan,2108987,5.6,32,Ahmedabad,302.0,53.0,249.0,42.4,69,20.9,7,,,,,,,,
Baran,Rajasthan,1454850,5.6,22,Ahmedabad,262.0,53.0,209.0,42.4,47,20.9,5,,,,,,,,
Barmer,Rajasthan,3054651,5.6,47,Ahmedabad,227.0,53.0,174.0,42.4,99,20.9,10,,,,,,,,
Bharatpur,Rajasthan,3028015,5.6,46,Ahmedabad,183.0,53.0,130.0,42.4,98,20.9,10,,,,,,,,
Bhilwara,Rajasthan,2867138,5.6,44,Ahmedabad,421.0,53.0,368.0,42.4,93,20.9,9,,,,,,,,
Bikaner,Rajasthan,2849915,5.6,44,Ahmedabad,242.0,53.0,189.0,42.4,93,20.9,9,,,,,,,,
Bundi,Rajasthan,1320774,5.6,20,Ahmedabad,268.0,53.0,215.0,42.4,43,20.9,4,,,,,,,,
Chittorgarh,Rajasthan,1833184,5.6,28,Ahmedabad,394.0,53.0,341.0,42.4,60,20.9,6,,,,,,,,
Churu,Rajasthan,2445056,5.6,38,Ahmedabad,292.0,53.0,239.0,42.4,80,20.9,8,,,,,,,,
Dausa,Rajasthan,1928002,5.6,30,Ahmedabad,327.0,53.0,274.0,42.4,63,20.9,6,,,,,,,,
Dholpur,Rajasthan,1435130,5.6,22,Ahmedabad,177.0,53.0,124.0,42.4,47,20.9,5,,,,,,,,
Dungarpur,Rajasthan,1628028,5.6,25,Ahmedabad,302.0,53.0,249.0,42.4,53,20.9,5,,,,,,,,
Ganganagar,Rajasthan,2358136,5.6,36,Ahmedabad,164.0,53.0,111.0,42.4,77,20.9,8,,,,,,,,
Hanumangarh,Rajasthan,2109333,5.6,32,Ahmedabad,177.0,53.0,124.0,42.4,69,20.9,7,,,,,,,,
Jaipur,Rajasthan,8136423,5.6,125,Ahmedabad,431.0,53.0,378.0,42.4,265,20.9,26,,,,,,,,
Jaisalmer,Rajasthan,791019,5.6,12,Ahmedabad,225.0,53.0,172.0,42.4,26,20.9,3,,,,,,,,
Jalore,Rajasthan,2148334,5.6,33,Ahmedabad,178.0,53.0,125.0,42.4,70,20.9,7,,,,,,,,
Jhalawar,Rajasthan,1671247,5.6,26,Ahmedabad,312.0,53.0,259.0,42.4,54,20.9,5,,,,,,,,
Jhunjhunu,Rajasthan,2548098,5.6,39,Ahmedabad,323.0,53.0,270.0,42.4,83,20.9,8,,,,,,,,
Jodhpur,Rajasthan,4447105,5.6,68,Ahmedabad,231.0,53.0,178.0,42.4,145,20.9,14,,,,,,,,
Karauli,Rajasthan,1724799,5.6,26,Ahmedabad,275.0,53.0,222.0,42.4,56,20.9,6,,,,,,,,
Kota,Rajasthan,2414311,5.6,37,Ahmedabad,271.0,53.0,218.0,42.4,79,20.9,8,,,,,,,,
Nagaur,Rajasthan,3929529,5.6,60,Ahmedabad,297.0,53.0,244.0,42.4,128,20.9,13,,,,,,,,
Pali,Rajasthan,2428756,5.6,37,Ahmedabad,214.0,53.0,161.0,42.4,79,20.9,8,,,,,,,,
Rajsamand,Rajasthan,1369319,5.6,21,Ahmedabad,547.0,53.0,494.0,42.4,45,20.9,4,,,,,,,,
Sawai Madhopur,Rajasthan,1587708,5.6,24,Ahmedabad,257.0,53.0,204.0,42.4,52,20.9,5,,,,,,,,
Sikar,Rajasthan,3194875,5.6,49,Ahmedabad,427.0,53.0,374.0,42.4,104,20.9,10,,,,,,,,
Sirohi,Rajasthan,1232238,5.6,19,Ahmedabad,321.0,53.0,268.0,42.4,40,20.9,4,,,,,,,,
Tonk,Rajasthan,1693794,5.6,26,Ahmedabad,289.0,53.0,236.0,42.4,55,20.9,5,,,,,,,,
Udaipur,Rajasthan,3647303,5.6,56,Ahmedabad,598.0,53.0,545.0,42.4,119,20.9,12,,,,,,,,
Pratapgarh,Rajasthan,1019498,5.6,16,Ahmedabad,491.0,53.0,438.0,42.4,33,20.9,3,,,,,,,,
Bhadradri Kothagudem,Telangana,1066546,6,18,Hyderabad,89.0,505.0,416.0,11.2,10,13.9,2,,,,,,,,
Khammam,Telangana,1432007,6,24,Hyderabad,107.0,505.0,398.0,11.2,13,13.9,3,,,,,,,,
Mulugu,Telangana,277283,6,5,Hyderabad,177.0,505.0,328.0,11.2,3,13.9,1,,,,,,,,
Suryapet,Telangana,1089954,6,18,Hyderabad,169.0,505.0,336.0,11.2,10,13.9,2,,,,,,,,
Nizamabad,Telangana,1652342,6,27,Hyderabad,395.0,505.0,110.0,11.2,15,13.9,4,,,,,,,,
Adilabad,Telangana,727567,6,12,Hyderabad,264.0,505.0,241.0,11.2,7,13.9,2,,,,,,,,
Nirmal,Telangana,721038,6,12,Hyderabad,340.0,505.0,165.0,11.2,7,13.9,2,,,,,,,,
Jagitial,Telangana,1006165,6,17,Hyderabad,293.0,505.0,212.0,11.2,9,13.9,2,,,,,,,,
Kamareddy,Telangana,951847,6,16,Hyderabad,378.0,505.0,127.0,11.2,9,13.9,2,,,,,,,,
Narayanpet,Telangana,541901,6,9,Hyderabad,389.0,505.0,116.0,11.2,5,13.9,1,,,,,,,,
Jogulamba Gadwal,Telangana,590990,6,10,Hyderabad,325.0,505.0,180.0,11.2,5,13.9,1,,,,,,,,
Wanaparthy,Telangana,573752,6,9,Hyderabad,404.0,505.0,101.0,11.2,5,13.9,1,,,,,,,,
Kumuram Bheem Asifabad,Telangana,514217,6,8,Hyderabad,218.0,505.0,287.0,11.2,5,13.9,1,,,,,,,,
Peddapalli,Telangana,866146,6,14,Hyderabad,234.0,505.0,271.0,11.2,8,13.9,2,,,,,,,,
Mancherial,Telangana,898461,6,15,Hyderabad,193.0,505.0,312.0,11.2,8,13.9,2,,,,,,,,
Karimnagar,Telangana,1062718,6,17,Hyderabad,265.0,505.0,240.0,11.2,10,13.9,2,,,,,,,,
Jayashankar Bhupalapally,Telangana,403450,6,7,Hyderabad,227.0,505.0,278.0,11.2,4,13.9,1,,,,,,,,
Mahabubnagar,Telangana,951913,6,16,Hyderabad,498.0,505.0,7.0,11.2,9,13.9,2,,,,,,,,
Yadadri Bhuvanagiri,Telangana,765509,6,13,Hyderabad,361.0,505.0,144.0,11.2,7,13.9,2,,,,,,,,
Jangoan,Telangana,523376,6,9,Hyderabad,382.0,505.0,123.0,11.2,5,13.9,1,,,,,,,,
Hanumakonda,Telangana,1058692,6,17,Hyderabad,274.0,505.0,231.0,11.2,10,13.9,2,,,,,,,,
Warangal,Telangana,945304,6,16,Hyderabad,302.0,505.0,203.0,11.2,9,13.9,2,,,,,,,,
Medak,Telangana,734620,6,12,Hyderabad,442.0,505.0,63.0,11.2,7,13.9,2,,,,,,,,
Rajanna Sircilla,Telangana,560597,6,9,Hyderabad,322.0,505.0,183.0,11.2,5,13.9,1,,,,,,,,
Sangareddy,Telangana,1640712,6,27,Hyderabad,496.0,505.0,9.0,11.2,15,13.9,4,,,,,,,,
Siddipet,Telangana,995303,6,16,Hyderabad,675.0,505.0,170.0,11.2,9,13.9,2,,,,,,,,
Vikarabad,Telangana,923913,6,15,Hyderabad,568.0,505.0,63.0,11.2,9,13.9,2,,,,,,,,
Medchal Malkajgiri,Telangana,3216953,6,53,Hyderabad,505.0,505.0,0.0,11.2,30,13.9,7,,,,,,,,
Nagarkurnool,Telangana,834301,6,14,Hyderabad,458.0,505.0,47.0,11.2,8,13.9,2,,,,,,,,
Nalgonda,Telangana,1654554,6,27,Hyderabad,421.0,505.0,84.0,11.2,15,13.9,4,,,,,,,,
Ranga Reddy,Telangana,2873287,6,47,Hyderabad,542.0,505.0,37.0,11.2,26,13.9,7,,,,,,,,
Mahabubabad,Telangana,750593,6,12,Hyderabad,302.0,505.0,203.0,11.2,7,13.9,2,,,,,,,,
Hyderabad,Telangana,5345068,6,88,Hyderabad,542.0,505.0,37.0,11.2,49,13.9,12,,,,,,,,
Bastar,Chhattisgarh,960894,7.9,21,Kolkata,552.0,9.0,543.0,15.4,16,11.2,2,,,,,,,,
Bilaspur,Chhattisgarh,1999771,7.9,43,Kolkata,264.0,9.0,255.0,15.4,33,11.2,5,,,,,,,,
Dantewada,Chhattisgarh,339331,7.9,7,Kolkata,351.0,9.0,342.0,15.4,6,11.2,1,,,,,,,,
Durg,Chhattisgarh,2255567,7.9,49,Kolkata,317.0,9.0,308.0,15.4,38,11.2,5,,,,,,,,
Janjgir Champa,Chhattisgarh,1137910,7.9,25,Kolkata,245.0,9.0,236.0,15.4,19,11.2,3,,,,,,,,
Jashpur,Chhattisgarh,983384,7.9,21,Kolkata,753.0,9.0,744.0,15.4,16,11.2,2,,,,,,,,
Kanker,Chhattisgarh,867555,7.9,19,Kolkata,388.0,9.0,379.0,15.4,14,11.2,2,,,,,,,,
Kabirdham,Chhattisgarh,953683,7.9,21,Kolkata,324.0,9.0,315.0,15.4,16,11.2,2,,,,,,,,
Korba,Chhattisgarh,1488429,7.9,32,Kolkata,252.0,9.0,243.0,15.4,25,11.2,4,,,,,,,,
Korea,Chhattisgarh,352069,7.9,8,Kolkata,700.0,9.0,691.0,15.4,6,11.2,1,,,,,,,,
Mahasamund,Chhattisgarh,1200360,7.9,26,Kolkata,318.0,9.0,309.0,15.4,20,11.2,3,,,,,,,,
Raigarh,Chhattisgarh,1318726,7.9,29,Kolkata,215.0,9.0,206.0,15.4,22,11.2,3,,,,,,,,
Raipur,Chhattisgarh,2799712,7.9,61,Kolkata,298.0,9.0,289.0,15.4,47,11.2,7,,,,,,,,
Rajnandgaon,Chhattisgarh,1061141,7.9,23,Kolkata,304.0,9.0,295.0,15.4,18,11.2,3,,,,,,,,
Surguja,Chhattisgarh,987666,7.9,21,Kolkata,600.0,9.0,591.0,15.4,16,11.2,2,,,,,,,,
Bijapur,Chhattisgarh,296632,7.9,6,Kolkata,540.0,9.0,531.0,15.4,5,11.2,1,,,,,,,,
Narayanpur,Chhattisgarh,164160,7.9,4,Kolkata,560.0,9.0,551.0,15.4,3,11.2,0,,,,,,,,
Sukma,Chhattisgarh,310201,7.9,7,Kolkata,600.0,9.0,591.0,15.4,5,11.2,1,,,,,,,,
Kondagaon,Chhattisgarh,670126,7.9,15,Kolkata,600.0,9.0,591.0,15.4,11,11.2,2,,,,,,,,
Baloda Bazar,Chhattisgarh,1260960,7.9,27,Kolkata,270.0,9.0,261.0,15.4,21,11.2,3,,,,,,,,
Gariyaband,Chhattisgarh,686470,7.9,15,Kolkata,300.0,9.0,291.0,15.4,11,11.2,2,,,,,,,,
Balod,Chhattisgarh,962883,7.9,21,Kolkata,324.0,9.0,315.0,15.4,16,11.2,2,,,,,,,,
Mungeli,Chhattisgarh,811043,7.9,18,Kolkata,300.0,9.0,291.0,15.4,14,11.2,2,,,,,,,,
Surajpur,Chhattisgarh,911407,7.9,20,Kolkata,550.0,9.0,541.0,15.4,15,11.2,2,,,,,,,,
Balrampur,Chhattisgarh,834904,7.9,18,Kolkata,600.0,9.0,591.0,15.4,14,11.2,2,,,,,,,,
Bemetara,Chhattisgarh,919848,7.9,20,Kolkata,300.0,9.0,291.0,15.4,15,11.2,2,,,,,,,,
Gaurella Pendra Marwahi,Chhattisgarh,389089,7.9,8,Kolkata,600.0,9.0,591.0,15.4,6,11.2,1,,,,,,,,
Khairgarh Chhuikhadan Gandai,Chhattisgarh,428260,7.9,9,Kolkata,320.0,9.0,311.0,15.4,7,11.2,1,,,,,,,,
Manendragarh Chirimiri Bharatpur,Chhattisgarh,449935,7.9,10,Kolkata,600.0,9.0,591.0,15.4,7,11.2,1,,,,,,,,
Mohla Manpur Ambagarh Chouki,Chhattisgarh,323524,7.9,7,Kolkata,400.0,9.0,391.0,15.4,5,11.2,1,,,,,,,,
Sakti,Chhattisgarh,754952,7.9,16,Kolkata,300.0,9.0,291.0,15.4,13,11.2,2,,,,,,,,
Sarangarh Bilaigarh,Chhattisgarh,698353,7.9,15,Kolkata,300.0,9.0,291.0,15.4,12,11.2,2,,,,,,,,
Dhamtari,Chhattisgarh,945343,7.9,20,Kolkata,317.0,9.0,308.0,15.4,16,11.2,2,,,,,,,,
Betul,Madhya Pradesh,1889194,6.5,34,Varanasi,658.0,80.0,578.0,38.0,64,19.2,6,,,,,,,,
Harda,Madhya Pradesh,684760,6.5,12,Varanasi,300.0,80.0,220.0,38.0,23,19.2,2,,,,,,,,
Indore,Madhya Pradesh,4087661,6.5,73,Varanasi,553.0,80.0,473.0,38.0,138,19.2,14,,,,,,,,
Jhabua,Madhya Pradesh,1219560,6.5,22,Varanasi,318.0,80.0,238.0,38.0,41,19.2,4,,,,,,,,
Tikamgarh,Madhya Pradesh,1244642,6.5,22,Varanasi,358.0,80.0,278.0,38.0,42,19.2,4,,,,,,,,
Vidisha,Madhya Pradesh,1754223,6.5,31,Varanasi,424.0,80.0,344.0,38.0,59,19.2,6,,,,,,,,
Niwari,Madhya Pradesh,485428,6.5,9,Varanasi,300.0,80.0,220.0,38.0,16,19.2,2,,,,,,,,
Balaghat,Madhya Pradesh,2032808,6.5,36,Varanasi,288.0,80.0,208.0,38.0,69,19.2,7,,,,,,,,
Chhindwara,Madhya Pradesh,2515875,6.5,45,Varanasi,675.0,80.0,595.0,38.0,85,19.2,9,,,,,,,,
Gwalior,Madhya Pradesh,2514408,6.5,45,Varanasi,196.0,80.0,116.0,38.0,85,19.2,9,,,,,,,,
Narmadapuram,Madhya Pradesh,1501617,6.5,27,Varanasi,278.0,80.0,198.0,38.0,51,19.2,5,,,,,,,,
Mandsaur,Madhya Pradesh,1608713,6.5,29,Varanasi,431.0,80.0,351.0,38.0,54,19.2,6,,,,,,,,
Neemuch,Madhya Pradesh,998002,6.5,18,Varanasi,500.0,80.0,420.0,38.0,34,19.2,3,,,,,,,,
Rajgarh,Madhya Pradesh,1851370,6.5,33,Varanasi,491.0,80.0,411.0,38.0,63,19.2,6,,,,,,,,
Sidhi,Madhya Pradesh,1340196,6.5,24,Varanasi,272.0,80.0,192.0,38.0,45,19.2,5,,,,,,,,
Khargone,Madhya Pradesh,2240066,6.5,40,Varanasi,283.0,80.0,203.0,38.0,76,19.2,8,,,,,,,,
Agar Malwa,Madhya Pradesh,685542,6.5,12,Varanasi,500.0,80.0,420.0,38.0,23,19.2,2,,,,,,,,
Alirajpur,Madhya Pradesh,866602,6.5,15,Varanasi,304.0,80.0,224.0,38.0,29,19.2,3,,,,,,,,
Bhopal,Madhya Pradesh,2972108,6.5,53,Varanasi,527.0,80.0,447.0,38.0,101,19.2,10,,,,,,,,
Datia,Madhya Pradesh,966946,6.5,17,Varanasi,211.0,80.0,131.0,38.0,33,19.2,3,,,,,,,,
East Nimar,Madhya Pradesh,1571249,6.5,28,Varanasi,300.0,80.0,220.0,38.0,53,19.2,5,,,,,,,,
Shajapur,Madhya Pradesh,1128173,6.5,20,Varanasi,437.0,80.0,357.0,38.0,38,19.2,4,,,,,,,,
Barwani,Madhya Pradesh,1655944,6.5,29,Varanasi,178.0,80.0,98.0,38.0,56,19.2,6,,,,,,,,
Burhanpur,Madhya Pradesh,918702,6.5,16,Varanasi,250.0,80.0,170.0,38.0,31,19.2,3,,,,,,,,
Damoh,Madhya Pradesh,1516286,6.5,27,Varanasi,373.0,80.0,293.0,38.0,51,19.2,5,,,,,,,,
Ratlam,Madhya Pradesh,1758176,6.5,31,Varanasi,480.0,80.0,400.0,38.0,59,19.2,6,,,,,,,,
Shahdol,Madhya Pradesh,1291664,6.5,23,Varanasi,464.0,80.0,384.0,38.0,44,19.2,4,,,,,,,,
Singrauli,Madhya Pradesh,1412589,6.5,25,Varanasi,376.0,80.0,296.0,38.0,48,19.2,5,,,,,,,,
Dindori,Madhya Pradesh,835498,6.5,15,Varanasi,640.0,80.0,560.0,38.0,28,19.2,3,,,,,,,,
Mandla,Madhya Pradesh,1258228,6.5,22,Varanasi,445.0,80.0,365.0,38.0,43,19.2,4,,,,,,,,
Raisen,Madhya Pradesh,1600606,6.5,29,Varanasi,435.0,80.0,355.0,38.0,54,19.2,5,,,,,,,,
Ashoknagar,Madhya Pradesh,1012346,6.5,18,Varanasi,478.0,80.0,398.0,38.0,34,19.2,3,,,,,,,,
Chhatarpur,Madhya Pradesh,2118184,6.5,38,Varanasi,305.0,80.0,225.0,38.0,72,19.2,7,,,,,,,,
Dhar,Madhya Pradesh,2619809,6.5,47,Varanasi,559.0,80.0,479.0,38.0,89,19.2,9,,,,,,,,
Jabalpur,Madhya Pradesh,3038809,6.5,54,Varanasi,411.0,80.0,331.0,38.0,103,19.2,10,,,,,,,,
Morena,Madhya Pradesh,2365105,6.5,42,Varanasi,177.0,80.0,97.0,38.0,80,19.2,8,,,,,,,,
Sehore,Madhya Pradesh,1571776,6.5,28,Varanasi,502.0,80.0,422.0,38.0,53,19.2,5,,,,,,,,
Seoni,Madhya Pradesh,1644421,6.5,29,Varanasi,611.0,80.0,531.0,38.0,56,19.2,6,,,,,,,,
Shivpuri,Madhya Pradesh,2045038,6.5,36,Varanasi,478.0,80.0,398.0,38.0,69,19.2,7,,,,,,,,
Narsinghpur,Madhya Pradesh,1308414,6.5,23,Varanasi,347.0,80.0,267.0,38.0,44,19.2,4,,,,,,,,
Bhind,Madhya Pradesh,2050999,6.5,37,Varanasi,147.0,80.0,67.0,38.0,69,19.2,7,,,,,,,,
Dewas,Madhya Pradesh,1888063,6.5,34,Varanasi,550.0,80.0,470.0,38.0,64,19.2,6,,,,,,,,
Guna,Madhya Pradesh,1494955,6.5,27,Varanasi,474.0,80.0,394.0,38.0,51,19.2,5,,,,,,,,
Katni,Madhya Pradesh,1550321,6.5,28,Varanasi,304.0,80.0,224.0,38.0,52,19.2,5,,,,,,,,
Umaria,Madhya Pradesh,771770,6.5,14,Varanasi,538.0,80.0,458.0,38.0,26,19.2,3,,,,,,,,
Sagar,Madhya Pradesh,2873732,6.5,51,Varanasi,427.0,80.0,347.0,38.0,97,19.2,10,,,,,,,,
Sheopur,Madhya Pradesh,822430,6.5,15,Varanasi,230.0,80.0,150.0,38.0,28,19.2,3,,,,,,,,
Ujjain,Madhya Pradesh,2417185,6.5,43,Varanasi,494.0,80.0,414.0,38.0,82,19.2,8,,,,,,,,
Anuppur,Madhya Pradesh,891336,6.5,16,Varanasi,505.0,80.0,425.0,38.0,30,19.2,3,,,,,,,,
Panna,Madhya Pradesh,1212436,6.5,22,Varanasi,438.0,80.0,358.0,38.0,41,19.2,4,,,,,,,,
Satna,Madhya Pradesh,2676238,6.5,48,Varanasi,317.0,80.0,237.0,38.0,91,19.2,9,,,,,,,,
Rewa,Madhya Pradesh,2830194,6.5,50,Varanasi,304.0,80.0,224.0,38.0,96,19.2,10,,,,,,,,
Amritsar,Punjab,2866155,7.2,57,Delhi,234.0,216.0,18.0,24.0,68,12.5,7,,,,,,,,
Bathinda,Punjab,1543080,7.2,30,Delhi,201.0,216.0,15.0,24.0,37,12.5,4,,,,,,,,
Faridkot,Punjab,685131,7.2,14,Delhi,196.0,216.0,20.0,24.0,16,12.5,2,,,,,,,,
Fatehgarh Sahib,Punjab,659648,7.2,13,Delhi,250.0,216.0,34.0,24.0,16,12.5,2,,,,,,,,
Ferozepur,Punjab,1079805,7.2,21,Delhi,200.0,216.0,16.0,24.0,26,12.5,3,,,,,,,,
Gurdaspur,Punjab,1752572,7.2,35,Delhi,241.0,216.0,25.0,24.0,41,12.5,4,,,,,,,,
Hoshiarpur,Punjab,1710524,7.2,34,Delhi,296.0,216.0,80.0,24.0,40,12.5,4,,,,,,,,
Jalandhar,Punjab,2521043,7.2,50,Delhi,228.0,216.0,12.0,24.0,60,12.5,6,,,,,,,,
Kapurthala,Punjab,903515,7.2,18,Delhi,225.0,216.0,9.0,24.0,21,12.5,2,,,,,,,,
Ludhiana,Punjab,4069843,7.2,80,Delhi,244.0,216.0,28.0,24.0,96,12.5,10,,,,,,,,
Mansa,Punjab,830111,7.2,16,Delhi,212.0,216.0,4.0,24.0,20,12.5,2,,,,,,,,
Moga,Punjab,1077388,7.2,21,Delhi,217.0,216.0,1.0,24.0,26,12.5,3,,,,,,,,
Sri Muktsar Sahib,Punjab,986146,7.2,19,Delhi,201.0,216.0,15.0,24.0,23,12.5,2,,,,,,,,
Shahid Bhagat Singh Nagar,Punjab,659268,7.2,13,Delhi,251.0,216.0,35.0,24.0,16,12.5,2,,,,,,,,
Patiala,Punjab,2164034,7.2,43,Delhi,250.0,216.0,34.0,24.0,51,12.5,5,,,,,,,,
Rupnagar,Punjab,745522,7.2,15,Delhi,262.0,216.0,46.0,24.0,18,12.5,2,,,,,,,,
Sangrur,Punjab,1339727,7.2,26,Delhi,231.0,216.0,15.0,24.0,32,12.5,3,,,,,,,,
Barnala,Punjab,656569,7.2,13,Delhi,227.0,216.0,11.0,24.0,16,12.5,2,,,,,,,,
S A S Nagar,Punjab,1108695,7.2,22,Delhi,310.0,216.0,94.0,24.0,26,12.5,3,,,,,,,,
Tarn Taran,Punjab,1186185,7.2,23,Delhi,230.0,216.0,14.0,24.0,28,12.5,3,,,,,,,,
Fazilka,Punjab,1135235,7.2,22,Delhi,178.0,216.0,38.0,24.0,27,12.5,3,,,,,,,,
Pathankot,Punjab,764191,7.2,15,Delhi,332.0,216.0,116.0,24.0,18,12.5,2,,,,,,,,
Malerkotla,Punjab,481970,7.2,10,Delhi,246.0,216.0,30.0,24.0,11,12.5,1,,,,,,,,
Central,Delhi,1930229,3.6,19,Delhi,216.0,216.0,0.0,24.0,23,12.5,2,,,,,,,,
East,Delhi,1937348,3.6,19,Delhi,216.0,216.0,0.0,24.0,23,12.5,2,,,,,,,,
New Delhi,Delhi,905479,3.6,9,Delhi,216.0,216.0,0.0,24.0,11,12.5,1,,,,,,,,
North East,Delhi,1803589,3.6,18,Delhi,216.0,216.0,0.0,24.0,21,12.5,2,,,,,,,,
North West,Delhi,2930925,3.6,29,Delhi,216.0,216.0,0.0,24.0,35,12.5,4,,,,,,,,
South,Delhi,1620004,3.6,16,Delhi,216.0,216.0,0.0,24.0,19,12.5,2,,,,,,,,
South West,Delhi,2139305,3.6,21,Delhi,216.0,216.0,0.0,24.0,25,12.5,3,,,,,,,,
West,Delhi,3371066,3.6,33,Delhi,216.0,216.0,0.0,24.0,40,12.5,4,,,,,,,,
South East,Delhi,1994127,3.6,20,Delhi,216.0,216.0,0.0,24.0,24,12.5,2,,,,,,,,
Shahdara,Delhi,1476027,3.6,15,Delhi,216.0,216.0,0.0,24.0,17,12.5,2,,,,,,,,
North,Delhi,1643771,3.6,16,Delhi,216.0,216.0,0.0,24.0,19,12.5,2,,,,,,,,
Ambala,Haryana,1405175,6.1,23,Delhi,264.0,216.0,48.0,24.0,28,12.5,3,,,,,,,,
Bhiwani,Haryana,1311591,6.1,22,Delhi,225.0,216.0,9.0,24.0,26,12.5,3,,,,,,,,
Faridabad,Haryana,2516998,6.1,42,Delhi,198.0,216.0,18.0,24.0,50,12.5,5,,,,,,,,
Fatehabad,Haryana,1074372,6.1,18,Delhi,210.0,216.0,6.0,24.0,22,12.5,2,,,,,,,,
Gurugram,Haryana,2039274,6.1,34,Delhi,217.0,216.0,1.0,24.0,41,12.5,4,,,,,,,,
Hisar,Haryana,2080472,6.1,35,Delhi,215.0,216.0,1.0,24.0,42,12.5,4,,,,,,,,
Jhajjar,Haryana,1118156,6.1,19,Delhi,220.0,216.0,4.0,24.0,22,12.5,2,,,,,,,,
Jind,Haryana,1524647,6.1,25,Delhi,227.0,216.0,11.0,24.0,31,12.5,3,,,,,,,,
Kaithal,Haryana,1256329,6.1,21,Delhi,231.0,216.0,15.0,24.0,25,12.5,3,,,,,,,,
Karnal,Haryana,1786045,6.1,30,Delhi,240.0,216.0,24.0,24.0,36,12.5,4,,,,,,,,
Kurukshetra,Haryana,1139659,6.1,19,Delhi,260.0,216.0,44.0,24.0,23,12.5,2,,,,,,,,
Mahendragarh,Haryana,1033861,6.1,17,Delhi,300.0,216.0,84.0,24.0,21,12.5,2,,,,,,,,
Panchkula,Haryana,725562,6.1,12,Delhi,365.0,216.0,149.0,24.0,15,12.5,2,,,,,,,,
Panipat,Haryana,1509781,6.1,25,Delhi,219.0,216.0,3.0,24.0,30,12.5,3,,,,,,,,
Rewari,Haryana,1052409,6.1,18,Delhi,245.0,216.0,29.0,24.0,21,12.5,2,,,,,,,,
Rohtak,Haryana,1311280,6.1,22,Delhi,220.0,216.0,4.0,24.0,26,12.5,3,,,,,,,,
Sirsa,Haryana,1507113,6.1,25,Delhi,205.0,216.0,11.0,24.0,30,12.5,3,,,,,,,,
Sonipat,Haryana,1726999,6.1,29,Delhi,224.0,216.0,8.0,24.0,35,12.5,4,,,,,,,,
Yamunanagar,Haryana,1484743,6.1,25,Delhi,255.0,216.0,39.0,24.0,30,12.5,3,,,,,,,,
Nuh,Haryana,1207701,6.1,20,Delhi,200.0,216.0,16.0,24.0,24,12.5,3,,,,,,,,
Palwal,Haryana,1204835,6.1,20,Delhi,195.0,216.0,21.0,24.0,24,12.5,3,,,,,,,,
Charki Dadri,Haryana,556525,6.1,9,Delhi,230.0,216.0,14.0,24.0,11,12.5,1,,,,,,,,
Chandigarh,Chandigarh,1243555,3.9,13,Delhi,321.0,216.0,105.0,24.0,16,12.5,2,,,,,,,,
Bilaspur,Himachal Pradesh,417094,6.8,8,Shimla,673.0,2276.0,1603.0,32.0,12,6,0,,,,,,,,
Chamba,Himachal Pradesh,566868,6.8,11,Shimla,1006.0,2276.0,1270.0,32.0,17,6,1,,,,,,,,
Hamirpur,Himachal Pradesh,496662,6.8,9,Shimla,738.0,2276.0,1538.0,32.0,15,6,1,,,,,,,,
Kangra,Himachal Pradesh,1648447,6.8,31,Shimla,733.0,2276.0,1543.0,32.0,49,6,2,,,,,,,,
Kinnaur,Himachal Pradesh,91649,6.8,2,Shimla,2320.0,2276.0,44.0,32.0,3,6,0,,,,,,,,
Kullu,Himachal Pradesh,478631,6.8,9,Shimla,1279.0,2276.0,997.0,32.0,14,6,1,,,,,,,,
Lahul And Spiti,Himachal Pradesh,34387,6.8,1,Shimla,3048.0,2276.0,772.0,32.0,1,6,0,,,,,,,,
Mandi,Himachal Pradesh,1091599,6.8,20,Shimla,760.0,2276.0,1516.0,32.0,33,6,1,,,,,,,,
Shimla,Himachal Pradesh,894295,6.8,17,Shimla,2276.0,2276.0,0.0,32.0,27,6,1,,,,,,,,
Sirmaur,Himachal Pradesh,579380,6.8,11,Shimla,1200.0,2276.0,1076.0,32.0,17,6,1,,,,,,,,
Solan,Himachal Pradesh,636052,6.8,12,Shimla,1600.0,2276.0,676.0,32.0,19,6,1,,,,,,,,
Una,Himachal Pradesh,569487,6.8,11,Shimla,369.0,2276.0,1907.0,32.0,17,6,1,,,,,,,,
Haridwar,Uttarakhand,2244432,6.3,39,Shimla,314.0,2276.0,1962.0,32.0,62,6,2,,,,,,,,
Dehradun,Uttarakhand,2122779,6.3,37,Shimla,640.0,2276.0,1636.0,32.0,59,6,2,,,,,,,,
Pauri Garhwal,Uttarakhand,767791,6.3,13,Shimla,1814.0,2276.0,462.0,32.0,21,6,1,,,,,,,,
Tehri Garhwal,Uttarakhand,682748,6.3,12,Shimla,1755.0,2276.0,521.0,32.0,19,6,1,,,,,,,,
Uttar Kashi,Uttarakhand,359158,6.3,6,Shimla,1158.0,2276.0,1118.0,32.0,10,6,0,,,,,,,,
Almora,Uttarakhand,682907,6.3,12,Shimla,1651.0,2276.0,625.0,32.0,19,6,1,,,,,,,,
Bageshwar,Uttarakhand,279365,6.3,5,Shimla,1004.0,2276.0,1272.0,32.0,8,6,0,,,,,,,,
Chamoli,Uttarakhand,436428,6.3,8,Shimla,1300.0,2276.0,976.0,32.0,12,6,0,,,,,,,,
Pithoragarh,Uttarakhand,537523,6.3,9,Shimla,1514.0,2276.0,762.0,32.0,15,6,1,,,,,,,,
Rudra Prayag,Uttarakhand,260930,6.3,5,Shimla,895.0,2276.0,1381.0,32.0,7,6,0,,,,,,,,
Champawat,Uttarakhand,289018,6.3,5,Shimla,1610.0,2276.0,666.0,32.0,8,6,0,,,,,,,,
Nainital,Uttarakhand,1140726,6.3,20,Shimla,2084.0,2276.0,192.0,32.0,32,6,1,,,,,,,,
Udam Singh Nagar,Uttarakhand,1951664,6.3,34,Shimla,550.0,2276.0,1726.0,32.0,54,6,2,,,,,,,,
Anantnag,Jammu And Kashmir,1202281,4.6,15,Shimla,1600.0,2276.0,676.0,32.0,24,6,1,,,,,,,,
Budgam,Jammu And Kashmir,817705,4.6,10,Shimla,1610.0,2276.0,666.0,32.0,16,6,1,,,,,,,,
Baramulla,Jammu And Kashmir,1112122,4.6,14,Shimla,1590.0,2276.0,686.0,32.0,22,6,1,,,,,,,,
Doda,Jammu And Kashmir,442974,4.6,6,Shimla,1107.0,2276.0,1169.0,32.0,9,6,0,,,,,,,,
Jammu,Jammu And Kashmir,1772934,4.6,22,Shimla,327.0,2276.0,1949.0,32.0,36,6,1,,,,,,,,
Kathua,Jammu And Kashmir,673670,4.6,8,Shimla,393.0,2276.0,1883.0,32.0,14,6,1,,,,,,,,
Kupwara,Jammu And Kashmir,947074,4.6,12,Shimla,1577.0,2276.0,699.0,32.0,19,6,1,,,,,,,,
Poonch,Jammu And Kashmir,515379,4.6,6,Shimla,981.0,2276.0,1295.0,32.0,10,6,0,,,,,,,,
Pulwama,Jammu And Kashmir,612267,4.6,8,Shimla,1630.0,2276.0,646.0,32.0,12,6,0,,,,,,,,
Rajouri,Jammu And Kashmir,694400,4.6,9,Shimla,915.0,2276.0,1361.0,32.0,14,6,1,,,,,,,,
Srinagar,Jammu And Kashmir,1545108,4.6,19,Shimla,1585.0,2276.0,691.0,32.0,31,6,1,,,,,,,,
Udhampur,Jammu And Kashmir,615045,4.6,8,Shimla,755.0,2276.0,1521.0,32.0,12,6,0,,,,,,,,
Kishtwar,Jammu And Kashmir,248633,4.6,3,Shimla,1638.0,2276.0,638.0,32.0,5,6,0,,,,,,,,
Ramban,Jammu And Kashmir,304570,4.6,4,Shimla,1156.0,2276.0,1120.0,32.0,6,6,0,,,,,,,,
Kulgam,Jammu And Kashmir,467395,4.6,6,Shimla,1731.0,2276.0,545.0,32.0,9,6,0,,,,,,,,
Samba,Jammu And Kashmir,346428,4.6,4,Shimla,384.0,2276.0,1892.0,32.0,7,6,0,,,,,,,,
Shopian,Jammu And Kashmir,286757,4.6,4,Shimla,2146.0,2276.0,130.0,32.0,6,6,0,,,,,,,,
Ganderbal,Jammu And Kashmir,325760,4.6,4,Shimla,1619.0,2276.0,657.0,32.0,7,6,0,,,,,,,,
Reasi,Jammu And Kashmir,340382,4.6,4,Shimla,1000.0,2276.0,1276.0,32.0,7,6,0,,,,,,,,
Bandipora,Jammu And Kashmir,430185,4.6,5,Shimla,1578.0,2276.0,698.0,32.0,9,6,0,,,,,,,,
Mirpur,Jammu And Kashmir,0,4.6,0,Shimla,459.0,2276.0,1817.0,32.0,0,6,0,,,,,,,,
Muzaffarabad,Jammu And Kashmir,0,4.6,0,Shimla,737.0,2276.0,1539.0,32.0,0,6,0,,,,,,,,
Leh Ladakh,Ladakh,156046,5,2,Shimla,3524.0,2276.0,1248.0,32.0,3,6,0,,,,,,,,
Kargil,Ladakh,146243,5,2,Shimla,2676.0,2276.0,400.0,32.0,3,6,0,,,,,,,,
Nicobars,Andaman and Nicobar Islands,34675,5.8,1,Chennai,0.0,6.0,6.0,24.4,1,17.5,0,,,,,,,,
South Andamans,Andaman and Nicobar Islands,268832,5.8,4,Chennai,0.0,6.0,6.0,24.4,5,17.5,1,,,,,,,,
North And Middle Andaman,Andaman and Nicobar Islands,100260,5.8,2,Chennai,0.0,6.0,6.0,24.4,2,17.5,0,,,,,,,,
Supaul,Bihar,2734373,5.4,40,Varanasi,39.0,80.0,41.0,38.0,77,19.2,8,,,,,,,,
Pashchim Champaran,Bihar,4854165,5.4,72,Varanasi,75.0,80.0,5.0,38.0,136,19.2,14,,,,,,,,
Purbi Champaran,Bihar,6276294,5.4,93,Varanasi,70.0,80.0,10.0,38.0,176,19.2,18,,,,,,,,
Aurangabad,Bihar,3131166,5.4,46,Varanasi,100.0,80.0,20.0,38.0,88,19.2,9,,,,,,,,
Nawada,Bihar,2736681,5.4,40,Varanasi,80.0,80.0,0.0,38.0,77,19.2,8,,,,,,,,
Gopalganj,Bihar,3148229,5.4,47,Varanasi,66.0,80.0,14.0,38.0,88,19.2,9,,,,,,,,
Gaya,Bihar,5435879,5.4,80,Varanasi,111.0,80.0,31.0,38.0,153,19.2,15,,,,,,,,
Samastipur,Bihar,5220533,5.4,77,Varanasi,52.0,80.0,28.0,38.0,147,19.2,15,,,,,,,,
Sheohar,Bihar,804611,5.4,12,Varanasi,60.0,80.0,20.0,38.0,23,19.2,2,,,,,,,,
Banka,Bihar,2492733,5.4,37,Varanasi,79.0,80.0,1.0,38.0,70,19.2,7,,,,,,,,
Jamui,Bihar,2167597,5.4,32,Varanasi,78.0,80.0,2.0,38.0,61,19.2,6,,,,,,,,
Patna,Bihar,7455414,5.4,110,Varanasi,53.0,80.0,27.0,38.0,210,19.2,21,,,,,,,,
Arwal,Bihar,862159,5.4,13,Varanasi,67.0,80.0,13.0,38.0,24,19.2,2,,,,,,,,
Jehanabad,Bihar,1391149,5.4,21,Varanasi,60.0,80.0,20.0,38.0,39,19.2,4,,,,,,,,
Nalanda,Bihar,3572148,5.4,53,Varanasi,67.0,80.0,13.0,38.0,100,19.2,10,,,,,,,,
Kaimur Bhabua,Bihar,1993556,5.4,29,Varanasi,86.0,80.0,6.0,38.0,56,19.2,6,,,,,,,,
Buxar,Bihar,2104121,5.4,31,Varanasi,74.0,80.0,6.0,38.0,59,19.2,6,,,,,,,,
Madhubani,Bihar,5497918,5.4,81,Varanasi,57.0,80.0,23.0,38.0,155,19.2,16,,,,,,,,
Sitamarhi,Bihar,4203366,5.4,62,Varanasi,61.0,80.0,19.0,38.0,118,19.2,12,,,,,,,,
Bhojpur,Bihar,3381078,5.4,50,Varanasi,69.0,80.0,11.0,38.0,95,19.2,10,,,,,,,,
Rohtas,Bihar,3668580,5.4,54,Varanasi,89.0,80.0,9.0,38.0,103,19.2,10,,,,,,,,
Muzaffarpur,Bihar,5921663,5.4,88,Varanasi,60.0,80.0,20.0,38.0,166,19.2,17,,,,,,,,
Saran,Bihar,4869476,5.4,72,Varanasi,55.0,80.0,25.0,38.0,137,19.2,14,,,,,,,,
Siwan,Bihar,4088712,5.4,60,Varanasi,66.0,80.0,14.0,38.0,115,19.2,12,,,,,,,,
Begusarai,Bihar,3700180,5.4,55,Varanasi,41.0,80.0,39.0,38.0,104,19.2,11,,,,,,,,
Khagaria,Bihar,2045821,5.4,30,Varanasi,36.0,80.0,44.0,38.0,58,19.2,6,,,,,,,,
Lakhisarai,Bihar,1240341,5.4,18,Varanasi,45.0,80.0,35.0,38.0,35,19.2,4,,,,,,,,
Sheikhpura,Bihar,790941,5.4,12,Varanasi,50.0,80.0,30.0,38.0,22,19.2,2,,,,,,,,
Vaishali,Bihar,4296159,5.4,64,Varanasi,52.0,80.0,28.0,38.0,121,19.2,12,,,,,,,,
Katihar,Bihar,3784026,5.4,56,Varanasi,25.0,80.0,55.0,38.0,106,19.2,11,,,,,,,,
Purnia,Bihar,4029377,5.4,60,Varanasi,37.0,80.0,43.0,38.0,113,19.2,11,,,,,,,,
Araria,Bihar,3453583,5.4,51,Varanasi,47.0,80.0,33.0,38.0,97,19.2,10,,,,,,,,
Kishanganj,Bihar,2084228,5.4,31,Varanasi,50.0,80.0,30.0,38.0,59,19.2,6,,,,,,,,
Darbhanga,Bihar,4855744,5.4,72,Varanasi,52.0,80.0,28.0,38.0,136,19.2,14,,,,,,,,
Madhepura,Bihar,2454695,5.4,36,Varanasi,48.0,80.0,32.0,38.0,69,19.2,7,,,,,,,,
Saharsa,Bihar,2340232,5.4,35,Varanasi,41.0,80.0,39.0,38.0,66,19.2,7,,,,,,,,
Bhagalpur,Bihar,3786531,5.4,56,Varanasi,52.0,80.0,28.0,38.0,106,19.2,11,,,,,,,,
Munger,Bihar,1719173,5.4,25,Varanasi,54.0,80.0,26.0,38.0,48,19.2,5,,,,,,,,
Mahe,Puducherry,58042,5.4,1,Chennai,4.0,6.0,2.0,24.4,1,17.5,0,,,,,,,,
Pondicherry,Puducherry,1282481,5.4,19,Chennai,3.0,6.0,3.0,24.4,23,17.5,3,,,,,,,,
Yanam,Puducherry,77211,5.4,1,Chennai,7.0,6.0,1.0,24.4,1,17.5,0,,,,,,,,
Karaikal,Puducherry,265175,5.4,4,Chennai,5.0,6.0,1.0,24.4,5,17.5,1,,,,,,,,
Dinajpur Uttar,West Bengal,3120457,5.5,47,Kolkata,34.0,9.0,25.0,15.4,36,11.2,5,,,,,,,,
Paschim Bardhaman,West Bengal,3527593,5.5,53,Kolkata,38.0,9.0,29.0,15.4,41,11.2,6,,,,,,,,
Birbhum,West Bengal,3641763,5.5,55,Kolkata,56.0,9.0,47.0,15.4,42,11.2,6,,,,,,,,
Murshidabad,West Bengal,7517470,5.5,113,Kolkata,20.0,9.0,11.0,15.4,87,11.2,13,,,,,,,,
Howrah,West Bengal,5699687,5.5,86,Kolkata,12.0,9.0,3.0,15.4,66,11.2,10,,,,,,,,
Hooghly,West Bengal,6117739,5.5,92,Kolkata,15.0,9.0,6.0,15.4,71,11.2,10,,,,,,,,
24 Paraganas North,West Bengal,11599373,5.5,175,Kolkata,10.0,9.0,1.0,15.4,135,11.2,20,,,,,,,,
24 Paraganas South,West Bengal,8765419,5.5,132,Kolkata,9.0,9.0,0.0,15.4,102,11.2,15,,,,,,,,
Darjeeling,West Bengal,1783747,5.5,27,Kolkata,2042.0,9.0,2033.0,15.4,21,11.2,3,,,,,,,,
Kalimpong,West Bengal,268054,5.5,4,Kolkata,1250.0,9.0,1241.0,15.4,3,11.2,0,,,,,,,,
Jalpaiguri,West Bengal,2596134,5.5,39,Kolkata,89.0,9.0,80.0,15.4,30,11.2,4,,,,,,,,
Purba Bardhaman,West Bengal,5056292,5.5,76,Kolkata,30.0,9.0,21.0,15.4,59,11.2,9,,,,,,,,
Nadia,West Bengal,5582424,5.5,84,Kolkata,14.0,9.0,5.0,15.4,65,11.2,9,,,,,,,,
Kolkata,West Bengal,5725468,5.5,86,Kolkata,9.0,9.0,0.0,15.4,66,11.2,10,,,,,,,,
Jhargram,West Bengal,1160777,5.5,17,Kolkata,81.0,9.0,72.0,15.4,13,11.2,2,,,,,,,,
Bankura,West Bengal,3696442,5.5,56,Kolkata,78.0,9.0,69.0,15.4,43,11.2,6,,,,,,,,
Purulia,West Bengal,3045987,5.5,46,Kolkata,228.0,9.0,219.0,15.4,35,11.2,5,,,,,,,,
Dinajpur Dakshin,West Bengal,1748632,5.5,26,Kolkata,25.0,9.0,16.0,15.4,20,11.2,3,,,,,,,,
Maldah,West Bengal,4155540,5.5,63,Kolkata,17.0,9.0,8.0,15.4,48,11.2,7,,,,,,,,
Medinipur East,West Bengal,5282231,5.5,80,Kolkata,10.0,9.0,1.0,15.4,61,11.2,9,,,,,,,,
Medinipur West,West Bengal,4978290,5.5,75,Kolkata,20.0,9.0,11.0,15.4,58,11.2,8,,,,,,,,
Alipurduar,West Bengal,1581699,5.5,24,Kolkata,93.0,9.0,84.0,15.4,18,11.2,3,,,,,,,,
Coochbehar,West Bengal,2911882,5.5,44,Kolkata,42.0,9.0,33.0,15.4,34,11.2,5,,,,,,,,
Bokaro,Jharkhand,2572833,5.2,37,Kolkata,210.0,9.0,201.0,15.4,28,11.2,4,,,,,,,,
Chatra,Jharkhand,1234719,5.2,18,Kolkata,450.0,9.0,441.0,15.4,14,11.2,2,,,,,,,,
Garhwa,Jharkhand,1564551,5.2,22,Kolkata,197.0,9.0,188.0,15.4,17,11.2,2,,,,,,,,
Giridih,Jharkhand,2904541,5.2,41,Kolkata,289.0,9.0,280.0,15.4,32,11.2,5,,,,,,,,
Godda,Jharkhand,1552906,5.2,22,Kolkata,77.0,9.0,68.0,15.4,17,11.2,2,,,,,,,,
Gumla,Jharkhand,1214287,5.2,17,Kolkata,651.0,9.0,642.0,15.4,13,11.2,2,,,,,,,,
Hazaribagh,Jharkhand,2079583,5.2,30,Kolkata,610.0,9.0,601.0,15.4,23,11.2,3,,,,,,,,
Deoghar,Jharkhand,1792245,5.2,26,Kolkata,254.0,9.0,245.0,15.4,20,11.2,3,,,,,,,,
Dhanbad,Jharkhand,3391729,5.2,48,Kolkata,222.0,9.0,213.0,15.4,37,11.2,5,,,,,,,,
Dumka,Jharkhand,1566087,5.2,22,Kolkata,137.0,9.0,128.0,15.4,17,11.2,2,,,,,,,,
Jamtara,Jharkhand,940821,5.2,13,Kolkata,155.0,9.0,146.0,15.4,10,11.2,2,,,,,,,,
Khunti,Jharkhand,631694,5.2,9,Kolkata,611.0,9.0,602.0,15.4,7,11.2,1,,,,,,,,
Koderma,Jharkhand,862971,5.2,12,Kolkata,397.0,9.0,388.0,15.4,9,11.2,1,,,,,,,,
Latehar,Jharkhand,861920,5.2,12,Kolkata,327.0,9.0,318.0,15.4,9,11.2,1,,,,,,,,
Lohardaga,Jharkhand,551250,5.2,8,Kolkata,647.0,9.0,638.0,15.4,6,11.2,1,,,,,,,,
Pakur,Jharkhand,1068081,5.2,15,Kolkata,38.0,9.0,29.0,15.4,12,11.2,2,,,,,,,,
Palamu,Jharkhand,2313338,5.2,33,Kolkata,215.0,9.0,206.0,15.4,25,11.2,4,,,,,,,,
West Singhbhum,Jharkhand,1798136,5.2,26,Kolkata,244.0,9.0,235.0,15.4,20,11.2,3,,,,,,,,
East Singhbum,Jharkhand,2889265,5.2,41,Kolkata,159.0,9.0,150.0,15.4,32,11.2,5,,,,,,,,
Ramgarh,Jharkhand,1179286,5.2,17,Kolkata,337.0,9.0,328.0,15.4,13,11.2,2,,,,,,,,
Ranchi,Jharkhand,3615371,5.2,52,Kolkata,651.0,9.0,642.0,15.4,40,11.2,6,,,,,,,,
Sahebganj,Jharkhand,1375997,5.2,20,Kolkata,37.0,9.0,28.0,15.4,15,11.2,2,,,,,,,,
Saraikela Kharsawan,Jharkhand,1290660,5.2,18,Kolkata,178.0,9.0,169.0,15.4,14,11.2,2,,,,,,,,
Simdega,Jharkhand,710899,5.2,10,Kolkata,418.0,9.0,409.0,15.4,8,11.2,1,,,,,,,,
Gangtok,Sikkim,302426,4.1,3,Shimla,1650.0,2276.0,626.0,32.0,5,6,0,,,,,,,,
Mangan,Sikkim,43860,4.1,0,Shimla,1956.0,2276.0,320.0,32.0,1,6,0,,,,,,,,
Namchi,Sikkim,142349,4.1,2,Shimla,1675.0,2276.0,601.0,32.0,3,6,0,,,,,,,,
Gyalshing,Sikkim,59589,4.1,1,Shimla,1500.0,2276.0,776.0,32.0,1,6,0,,,,,,,,
Pakyong,Sikkim,95690,4.1,1,Shimla,1200.0,2276.0,1076.0,32.0,2,6,0,,,,,,,,
Soreng,Sikkim,50110,4.1,1,Shimla,1400.0,2276.0,876.0,32.0,1,6,0,,,,,,,,
Lakshadweep District,Lakshadweep,69459,6.5,1,Mumbai,2.0,14.0,12.0,5.0,0,5.2,0,,,,,,,,
Etah,Uttar Pradesh,2097681,6.5,37,Varanasi,170.0,80.0,90.0,38.0,71,19.2,7,,,,,,,,
Firozabad,Uttar Pradesh,3012824,6.5,54,Varanasi,164.0,80.0,84.0,38.0,102,19.2,10,,,,,,,,
Agra,Uttar Pradesh,5401174,6.5,96,Varanasi,171.0,80.0,91.0,38.0,183,19.2,18,,,,,,,,
Amethi,Uttar Pradesh,2184290,6.5,39,Varanasi,101.0,80.0,21.0,38.0,74,19.2,7,,,,,,,,
Ayodhya,Uttar Pradesh,2916722,6.5,52,Varanasi,97.0,80.0,17.0,38.0,99,19.2,10,,,,,,,,
Pratapgarh,Uttar Pradesh,3753144,6.5,67,Varanasi,80.0,80.0,0.0,38.0,127,19.2,13,,,,,,,,
Sultanpur,Uttar Pradesh,2842588,6.5,51,Varanasi,95.0,80.0,15.0,38.0,96,19.2,10,,,,,,,,
Ghaziabad,Uttar Pradesh,4246460,6.5,76,Varanasi,214.0,80.0,134.0,38.0,144,19.2,15,,,,,,,,
Meerut,Uttar Pradesh,4233055,6.5,75,Varanasi,223.0,80.0,143.0,38.0,143,19.2,14,,,,,,,,
Hapur,Uttar Pradesh,1609236,6.5,29,Varanasi,207.0,80.0,127.0,38.0,54,19.2,6,,,,,,,,
Fatehpur,Uttar Pradesh,3102341,6.5,55,Varanasi,110.0,80.0,30.0,38.0,105,19.2,11,,,,,,,,
Chitrakoot,Uttar Pradesh,1165364,6.5,21,Varanasi,137.0,80.0,57.0,38.0,39,19.2,4,,,,,,,,
Prayagraj,Uttar Pradesh,7113946,6.5,127,Varanasi,98.0,80.0,18.0,38.0,241,19.2,24,,,,,,,,
Kaushambi,Uttar Pradesh,1875597,6.5,33,Varanasi,85.0,80.0,5.0,38.0,63,19.2,6,,,,,,,,
Banda,Uttar Pradesh,2127658,6.5,38,Varanasi,124.0,80.0,44.0,38.0,72,19.2,7,,,,,,,,
Jhansi,Uttar Pradesh,2432196,6.5,43,Varanasi,285.0,80.0,205.0,38.0,82,19.2,8,,,,,,,,
Lalitpur,Uttar Pradesh,1442884,6.5,26,Varanasi,428.0,80.0,348.0,38.0,49,19.2,5,,,,,,,,
Mahoba,Uttar Pradesh,1042447,6.5,19,Varanasi,214.0,80.0,134.0,38.0,35,19.2,4,,,,,,,,
Ambedkar Nagar,Uttar Pradesh,2823974,6.5,50,Varanasi,92.0,80.0,12.0,38.0,96,19.2,10,,,,,,,,
Jaunpur,Uttar Pradesh,5269301,6.5,94,Varanasi,84.0,80.0,4.0,38.0,178,19.2,18,,,,,,,,
Bhadohi,Uttar Pradesh,1864476,6.5,33,Varanasi,85.0,80.0,5.0,38.0,63,19.2,6,,,,,,,,
Gorakhpur,Uttar Pradesh,5271380,6.5,94,Varanasi,84.0,80.0,4.0,38.0,178,19.2,18,,,,,,,,
Kushi Nagar,Uttar Pradesh,4165311,6.5,74,Varanasi,76.0,80.0,4.0,38.0,141,19.2,14,,,,,,,,
Maharajganj,Uttar Pradesh,3138257,6.5,56,Varanasi,89.0,80.0,9.0,38.0,106,19.2,11,,,,,,,,
Baghpat,Uttar Pradesh,1550616,6.5,28,Varanasi,225.0,80.0,145.0,38.0,52,19.2,5,,,,,,,,
Auraiya,Uttar Pradesh,1634198,6.5,29,Varanasi,133.0,80.0,53.0,38.0,55,19.2,6,,,,,,,,
Etawah,Uttar Pradesh,1886579,6.5,34,Varanasi,145.0,80.0,65.0,38.0,64,19.2,6,,,,,,,,
Kannauj,Uttar Pradesh,1962358,6.5,35,Varanasi,139.0,80.0,59.0,38.0,66,19.2,7,,,,,,,,
Mainpuri,Uttar Pradesh,2209653,6.5,39,Varanasi,153.0,80.0,73.0,38.0,75,19.2,8,,,,,,,,
Kanpur Nagar,Uttar Pradesh,5719794,6.5,102,Varanasi,126.0,80.0,46.0,38.0,194,19.2,20,,,,,,,,
Kanpur Dehat,Uttar Pradesh,2110512,6.5,38,Varanasi,124.0,80.0,44.0,38.0,71,19.2,7,,,,,,,,
Aligarh,Uttar Pradesh,4429709,6.5,79,Varanasi,178.0,80.0,98.0,38.0,150,19.2,15,,,,,,,,
Hathras,Uttar Pradesh,1862308,6.5,33,Varanasi,185.0,80.0,105.0,38.0,63,19.2,6,,,,,,,,
Gautam Buddha Nagar,Uttar Pradesh,2043234,6.5,36,Varanasi,200.0,80.0,120.0,38.0,69,19.2,7,,,,,,,,
Bulandshahr,Uttar Pradesh,4180862,6.5,74,Varanasi,200.0,80.0,120.0,38.0,141,19.2,14,,,,,,,,
Bahraich,Uttar Pradesh,4091182,6.5,73,Varanasi,126.0,80.0,46.0,38.0,138,19.2,14,,,,,,,,
Kheri,Uttar Pradesh,4734498,6.5,84,Varanasi,147.0,80.0,67.0,38.0,160,19.2,16,,,,,,,,
Hardoi,Uttar Pradesh,4828296,6.5,86,Varanasi,136.0,80.0,56.0,38.0,163,19.2,17,,,,,,,,
Sitapur,Uttar Pradesh,5281527,6.5,94,Varanasi,138.0,80.0,58.0,38.0,179,19.2,18,,,,,,,,
Lucknow,Uttar Pradesh,5732826,6.5,102,Varanasi,123.0,80.0,43.0,38.0,194,19.2,20,,,,,,,,
Unnao,Uttar Pradesh,3682639,6.5,66,Varanasi,122.0,80.0,42.0,38.0,125,19.2,13,,,,,,,,
Barabanki,Uttar Pradesh,3833423,6.5,68,Varanasi,110.0,80.0,30.0,38.0,130,19.2,13,,,,,,,,
Budaun,Uttar Pradesh,3713092,6.5,66,Varanasi,169.0,80.0,89.0,38.0,126,19.2,13,,,,,,,,
Kasganj,Uttar Pradesh,1707708,6.5,30,Varanasi,177.0,80.0,97.0,38.0,58,19.2,6,,,,,,,,
Farrukhabad,Uttar Pradesh,2245766,6.5,40,Varanasi,151.0,80.0,71.0,38.0,76,19.2,8,,,,,,,,
Balrampur,Uttar Pradesh,2519311,6.5,45,Varanasi,105.0,80.0,25.0,38.0,85,19.2,9,,,,,,,,
Basti,Uttar Pradesh,2882700,6.5,51,Varanasi,92.0,80.0,12.0,38.0,98,19.2,10,,,,,,,,
Siddharth Nagar,Uttar Pradesh,2995860,6.5,53,Varanasi,89.0,80.0,9.0,38.0,101,19.2,10,,,,,,,,
Sant Kabeer Nagar,Uttar Pradesh,2010484,6.5,36,Varanasi,84.0,80.0,4.0,38.0,68,19.2,7,,,,,,,,
Gonda,Uttar Pradesh,4020898,6.5,72,Varanasi,110.0,80.0,30.0,38.0,136,19.2,14,,,,,,,,
Shravasti,Uttar Pradesh,1303837,6.5,23,Varanasi,109.0,80.0,29.0,38.0,44,19.2,4,,,,,,,,
Azamgarh,Uttar Pradesh,5414512,6.5,96,Varanasi,77.0,80.0,3.0,38.0,183,19.2,19,,,,,,,,
Ballia,Uttar Pradesh,3805610,6.5,68,Varanasi,70.0,80.0,10.0,38.0,129,19.2,13,,,,,,,,
Deoria,Uttar Pradesh,3645893,6.5,65,Varanasi,68.0,80.0,12.0,38.0,123,19.2,12,,,,,,,,
Mau,Uttar Pradesh,2629486,6.5,47,Varanasi,70.0,80.0,10.0,38.0,89,19.2,9,,,,,,,,
Varanasi,Uttar Pradesh,4482866,6.5,80,Varanasi,80.0,80.0,0.0,38.0,152,19.2,15,,,,,,,,
Hamirpur,Uttar Pradesh,1311045,6.5,23,Varanasi,120.0,80.0,40.0,38.0,44,19.2,4,,,,,,,,
Jalaun,Uttar Pradesh,2019194,6.5,36,Varanasi,145.0,80.0,65.0,38.0,68,19.2,7,,,,,,,,
Chandauli,Uttar Pradesh,2301555,6.5,41,Varanasi,70.0,80.0,10.0,38.0,78,19.2,8,,,,,,,,
Ghazipur,Uttar Pradesh,4243952,6.5,76,Varanasi,62.0,80.0,18.0,38.0,144,19.2,15,,,,,,,,
Mathura,Uttar Pradesh,3059707,6.5,54,Varanasi,174.0,80.0,94.0,38.0,104,19.2,10,,,,,,,,
Mirzapur,Uttar Pradesh,2947870,6.5,52,Varanasi,80.0,80.0,0.0,38.0,100,19.2,10,,,,,,,,
Sambhal,Uttar Pradesh,2618232,6.5,47,Varanasi,194.0,80.0,114.0,38.0,89,19.2,9,,,,,,,,
Sonbhadra,Uttar Pradesh,2206120,6.5,39,Varanasi,330.0,80.0,250.0,38.0,75,19.2,8,,,,,,,,
Moradabad,Uttar Pradesh,3785516,6.5,67,Varanasi,186.0,80.0,106.0,38.0,128,19.2,13,,,,,,,,
Bareilly,Uttar Pradesh,5375867,6.5,96,Varanasi,166.0,80.0,86.0,38.0,182,19.2,18,,,,,,,,
Pilibhit,Uttar Pradesh,2406373,6.5,43,Varanasi,172.0,80.0,92.0,38.0,81,19.2,8,,,,,,,,
Rampur,Uttar Pradesh,2792143,6.5,50,Varanasi,192.0,80.0,112.0,38.0,94,19.2,10,,,,,,,,
Shahjahanpur,Uttar Pradesh,3572799,6.5,64,Varanasi,155.0,80.0,75.0,38.0,121,19.2,12,,,,,,,,
Amroha,Uttar Pradesh,2199058,6.5,39,Varanasi,200.0,80.0,120.0,38.0,74,19.2,8,,,,,,,,
Saharanpur,Uttar Pradesh,4168782,6.5,74,Varanasi,269.0,80.0,189.0,38.0,141,19.2,14,,,,,,,,
Muzaffarnagar,Uttar Pradesh,3394716,6.5,60,Varanasi,240.0,80.0,160.0,38.0,115,19.2,12,,,,,,,,
Shamli,Uttar Pradesh,1577465,6.5,28,Varanasi,248.0,80.0,168.0,38.0,53,19.2,5,,,,,,,,
Bijnor,Uttar Pradesh,4401744,6.5,78,Varanasi,225.0,80.0,145.0,38.0,149,19.2,15,,,,,,,,
Rae Bareli,Uttar Pradesh,3411736,6.5,61,Varanasi,110.0,80.0,30.0,38.0,115,19.2,12,,,,,,,,
Balangir,Odisha,1814966,7.3,36,Kolkata,383.0,9.0,374.0,15.4,28,11.2,4,,,,,,,,
Ganjam,Odisha,3948360,7.3,79,Kolkata,30.0,9.0,21.0,15.4,61,11.2,9,,,,,,,,
Deogarh,Odisha,341191,7.3,7,Kolkata,192.0,9.0,183.0,15.4,5,11.2,1,,,,,,,,
Nabarangpur,Odisha,1332986,7.3,27,Kolkata,572.0,9.0,563.0,15.4,21,11.2,3,,,,,,,,
Nuapada,Odisha,664573,7.3,13,Kolkata,300.0,9.0,291.0,15.4,10,11.2,1,,,,,,,,
Puri,Odisha,1881137,7.3,38,Kolkata,10.0,9.0,1.0,15.4,29,11.2,4,,,,,,,,
Mayurbhanj,Odisha,2753153,7.3,55,Kolkata,559.0,9.0,550.0,15.4,42,11.2,6,,,,,,,,
Bhadrak,Odisha,1658993,7.3,33,Kolkata,22.0,9.0,13.0,15.4,26,11.2,4,,,,,,,,
Gajapati,Odisha,636258,7.3,13,Kolkata,613.0,9.0,604.0,15.4,10,11.2,1,,,,,,,,
Kalahandi,Odisha,1723183,7.3,34,Kolkata,248.0,9.0,239.0,15.4,27,11.2,4,,,,,,,,
Kandhamal,Odisha,804028,7.3,16,Kolkata,600.0,9.0,591.0,15.4,12,11.2,2,,,,,,,,
Anugul,Odisha,1412067,7.3,28,Kolkata,195.0,9.0,186.0,15.4,22,11.2,3,,,,,,,,
Nayagarh,Odisha,1053097,7.3,21,Kolkata,178.0,9.0,169.0,15.4,16,11.2,2,,,,,,,,
Sundargarh,Odisha,2394604,7.3,48,Kolkata,243.0,9.0,234.0,15.4,37,11.2,5,,,,,,,,
Baleshwar,Odisha,2549552,7.3,51,Kolkata,20.0,9.0,11.0,15.4,39,11.2,6,,,,,,,,
Bargarh,Odisha,1625283,7.3,33,Kolkata,180.0,9.0,171.0,15.4,25,11.2,4,,,,,,,,
Dhenkanal,Odisha,1308182,7.3,26,Kolkata,80.0,9.0,71.0,15.4,20,11.2,3,,,,,,,,
Jharsuguda,Odisha,667859,7.3,13,Kolkata,218.0,9.0,209.0,15.4,10,11.2,1,,,,,,,,
Jagatsinghapur,Odisha,1247684,7.3,25,Kolkata,15.0,9.0,6.0,15.4,19,11.2,3,,,,,,,,
Kendrapara,Odisha,1568823,7.3,31,Kolkata,10.0,9.0,1.0,15.4,24,11.2,4,,,,,,,,
Koraput,Odisha,1529827,7.3,31,Kolkata,870.0,9.0,861.0,15.4,24,11.2,3,,,,,,,,
Boudh,Odisha,479558,7.3,10,Kolkata,200.0,9.0,191.0,15.4,7,11.2,1,,,,,,,,
Cuttack,Odisha,2966883,7.3,59,Kolkata,36.0,9.0,27.0,15.4,46,11.2,7,,,,,,,,
Jajapur,Odisha,1995586,7.3,40,Kolkata,22.0,9.0,13.0,15.4,31,11.2,4,,,,,,,,
Kendujhar,Odisha,1990017,7.3,40,Kolkata,480.0,9.0,471.0,15.4,31,11.2,4,,,,,,,,
Khordha,Odisha,2629469,7.3,53,Kolkata,45.0,9.0,36.0,15.4,40,11.2,6,,,,,,,,
Malkangiri,Odisha,670482,7.3,13,Kolkata,180.0,9.0,171.0,15.4,10,11.2,2,,,,,,,,
Sonepur,Odisha,667307,7.3,13,Kolkata,122.0,9.0,113.0,15.4,10,11.2,1,,,,,,,,
Sambalpur,Odisha,1179901,7.3,24,Kolkata,150.0,9.0,141.0,15.4,18,11.2,3,,,,,,,,
Rayagada,Odisha,1071100,7.3,21,Kolkata,207.0,9.0,198.0,15.4,16,11.2,2,,,,,,,,
North Goa,Goa,877098,5.9,14,Mumbai,48.0,14.0,34.0,5.0,4,5.2,1,,,,,,,,
South Goa,Goa,705469,5.9,11,Mumbai,41.0,14.0,27.0,5.0,3,5.2,1,,,,,,,,
Bagalkote,Karnataka,2068029,6.2,35,Hyderabad,533.0,505.0,28.0,11.2,20,13.9,5,,,,,,,,
Bengaluru Urban,Karnataka,12197135,6.2,207,Bangalore,920.0,920.0,0.0,1.9,20,2.9,6,,,,,,,,
Bengaluru Rural,Karnataka,1071310,6.2,18,Bangalore,900.0,920.0,20.0,1.9,2,2.9,1,,,,,,,,
Belagavi,Karnataka,5142595,6.2,87,Bangalore,762.0,920.0,158.0,1.9,8,2.9,3,,,,,,,,
Ballari,Karnataka,1581191,6.2,27,Hyderabad,480.0,505.0,25.0,11.2,15,13.9,4,,,,,,,,
Bidar,Karnataka,1830985,6.2,31,Hyderabad,664.0,505.0,159.0,11.2,17,13.9,4,,,,,,,,
Vijayapura,Karnataka,2328130,6.2,40,Hyderabad,606.0,505.0,101.0,11.2,22,13.9,5,,,,,,,,
Chamarajanagara,Karnataka,1073838,6.2,18,Bangalore,662.0,920.0,258.0,1.9,2,2.9,1,,,,,,,,
Chikkamagaluru,Karnataka,1210090,6.2,21,Bangalore,1090.0,920.0,170.0,1.9,2,2.9,1,,,,,,,,
Chitradurga,Karnataka,1758859,6.2,30,Hyderabad,732.0,505.0,227.0,11.2,17,13.9,4,,,,,,,,
Davangere,Karnataka,1816682,6.2,31,Hyderabad,602.0,505.0,97.0,11.2,17,13.9,4,,,,,,,,
Dharwad,Karnataka,2157258,6.2,37,Hyderabad,750.0,505.0,245.0,11.2,21,13.9,5,,,,,,,,
Gadag,Karnataka,1177428,6.2,20,Hyderabad,650.0,505.0,145.0,11.2,11,13.9,3,,,,,,,,
Kalaburagi,Karnataka,2815363,6.2,48,Hyderabad,454.0,505.0,51.0,11.2,27,13.9,7,,,,,,,,
Hassan,Karnataka,1889827,6.2,32,Bangalore,980.0,920.0,60.0,1.9,3,2.9,1,,,,,,,,
Haveri,Karnataka,1704575,6.2,29,Hyderabad,600.0,505.0,95.0,11.2,16,13.9,4,,,,,,,,
Kodagu,Karnataka,579224,6.2,10,Bangalore,1150.0,920.0,230.0,1.9,1,2.9,0,,,,,,,,
Kolar,Karnataka,1679577,6.2,29,Bangalore,822.0,920.0,98.0,1.9,3,2.9,1,,,,,,,,
Koppal,Karnataka,1460833,6.2,25,Hyderabad,529.0,505.0,24.0,11.2,14,13.9,3,,,,,,,,
Mandya,Karnataka,1899276,6.2,32,Bangalore,678.0,920.0,242.0,1.9,3,2.9,1,,,,,,,,
Mysuru,Karnataka,3370758,6.2,57,Bangalore,770.0,920.0,150.0,1.9,5,2.9,2,,,,,,,,
Raichur,Karnataka,2075745,6.2,35,Hyderabad,393.0,505.0,112.0,11.2,20,13.9,5,,,,,,,,
Shivamogga,Karnataka,1938311,6.2,33,Bangalore,640.0,920.0,280.0,1.9,3,2.9,1,,,,,,,,
Tumakuru,Karnataka,2859059,6.2,49,Bangalore,822.0,920.0,98.0,1.9,5,2.9,1,,,,,,,,
Udupi,Karnataka,1277204,6.2,22,Bangalore,39.0,920.0,881.0,1.9,2,2.9,1,,,,,,,,
Uttara Kannada,Karnataka,1562288,6.2,27,Bangalore,600.0,920.0,320.0,1.9,3,2.9,1,,,,,,,,
Chikkaballapura,Karnataka,1339624,6.2,23,Bangalore,915.0,920.0,5.0,1.9,2,2.9,1,,,,,,,,
Ramanagara,Karnataka,1162903,6.2,20,Bangalore,747.0,920.0,173.0,1.9,2,2.9,1,,,,,,,,
Yadgir,Karnataka,1240974,6.2,21,Hyderabad,377.0,505.0,128.0,11.2,12,13.9,3,,,,,,,,
Vijayanagar,Karnataka,1461291,6.2,25,Hyderabad,480.0,505.0,25.0,11.2,14,13.9,3,,,,,,,,
Dadra And Nagar Haveli,The Dadra And Nagar Haveli And Daman And Diu,743807,3.7,8,Ahmedabad,32.0,53.0,21.0,42.4,16,20.9,2,,,,,,,,
Daman,The Dadra And Nagar Haveli And Daman And Diu,522492,3.7,5,Ahmedabad,12.0,53.0,41.0,42.4,11,20.9,1,,,,,,,,
Diu,The Dadra And Nagar Haveli And Daman And Diu,88188,3.7,1,Ahmedabad,15.0,53.0,38.0,42.4,2,20.9,0,,,,,,,,
Mumbai,Maharashtra,3773675,5.5,57,Mumbai,14.0,14.0,0.0,5.0,14,5.2,3,,,,,,,,
Mumbai Suburban,Maharashtra,11444225,5.5,172,Mumbai,14.0,14.0,0.0,5.0,43,5.2,9,,,,,,,,
Dhule,Maharashtra,2265996,5.5,34,Pune,250.0,560.0,310.0,12.1,21,10.2,3,,,,,,,,
Nandurbar,Maharashtra,1791137,5.5,27,Pune,210.0,560.0,350.0,12.1,16,10.2,3,,,,,,,,
Nashik,Maharashtra,6894720,5.5,104,Pune,700.0,560.0,140.0,12.1,63,10.2,11,,,,,,,,
Palghar,Maharashtra,3423141,5.5,52,Mumbai,7.0,14.0,7.0,5.0,13,5.2,3,,,,,,,,
Thane,Maharashtra,9687307,5.5,146,Mumbai,11.0,14.0,3.0,5.0,36,5.2,8,,,,,,,,
Pune,Maharashtra,10930441,5.5,165,Pune,560.0,560.0,0.0,12.1,100,10.2,17,,,,,,,,
Ahmednagar,Maharashtra,4962021,5.5,75,Pune,649.0,560.0,89.0,12.1,45,10.2,8,,,,,,,,
Raigad,Maharashtra,2949285,5.5,44,Mumbai,10.0,14.0,4.0,5.0,11,5.2,2,,,,,,,,
Satara,Maharashtra,3275269,5.5,49,Pune,742.0,560.0,182.0,12.1,30,10.2,5,,,,,,,,
Hingoli,Maharashtra,1276423,5.5,19,Pune,457.0,560.0,103.0,12.1,12,10.2,2,,,,,,,,
Jalna,Maharashtra,2137021,5.5,32,Pune,508.0,560.0,52.0,12.1,19,10.2,3,,,,,,,,
Parbhani,Maharashtra,2038295,5.5,31,Pune,409.0,560.0,151.0,12.1,19,10.2,3,,,,,,,,
Beed,Maharashtra,2820853,5.5,43,Pune,530.0,560.0,30.0,12.1,26,10.2,4,,,,,,,,
Aurangabad,Maharashtra,4187805,5.5,63,Pune,568.0,560.0,8.0,12.1,38,10.2,6,,,,,,,,
Ratnagiri,Maharashtra,1754027,5.5,26,Mumbai,11.0,14.0,3.0,5.0,7,5.2,1,,,,,,,,
Akola,Maharashtra,2039342,5.5,31,Ahmedabad,282.0,53.0,229.0,42.4,65,20.9,6,,,,,,,,
Amravati,Maharashtra,3229609,5.5,49,Ahmedabad,343.0,53.0,290.0,42.4,103,20.9,10,,,,,,,,
Washim,Maharashtra,1302768,5.5,20,Ahmedabad,572.0,53.0,519.0,42.4,42,20.9,4,,,,,,,,
Yavatmal,Maharashtra,3034707,5.5,46,Ahmedabad,445.0,53.0,392.0,42.4,97,20.9,10,,,,,,,,
Kolhapur,Maharashtra,4307292,5.5,65,Pune,569.0,560.0,9.0,12.1,39,10.2,7,,,,,,,,
Sangli,Maharashtra,3107298,5.5,47,Pune,549.0,560.0,11.0,12.1,28,10.2,5,,,,,,,,
Sindhudurg,Maharashtra,917559,5.5,14,Mumbai,20.0,14.0,6.0,5.0,3,5.2,1,,,,,,,,
Solapur,Maharashtra,4797368,5.5,72,Pune,457.0,560.0,103.0,12.1,44,10.2,7,,,,,,,,
Buldhana,Maharashtra,2829499,5.5,43,Pune,648.0,560.0,88.0,12.1,26,10.2,4,,,,,,,,
Osmanabad,Maharashtra,1807430,5.5,27,Pune,600.0,560.0,40.0,12.1,16,10.2,3,,,,,,,,
Latur,Maharashtra,2702081,5.5,41,Pune,631.0,560.0,71.0,12.1,25,10.2,4,,,,,,,,
Nanded,Maharashtra,3710283,5.5,56,Pune,363.0,560.0,197.0,12.1,34,10.2,6,,,,,,,,
Jalgaon,Maharashtra,4700626,5.5,71,Pune,209.0,560.0,351.0,12.1,43,10.2,7,,,,,,,,
Chandrapur,Maharashtra,2461998,5.5,37,Pune,189.0,560.0,371.0,12.1,22,10.2,4,,,,,,,,
Gadchiroli,Maharashtra,1155884,5.5,17,Ahmedabad,217.0,53.0,164.0,42.4,37,20.9,4,,,,,,,,
Gondia,Maharashtra,1437936,5.5,22,Ahmedabad,300.0,53.0,247.0,42.4,46,20.9,5,,,,,,,,
Bhandara,Maharashtra,1309796,5.5,20,Ahmedabad,244.0,53.0,191.0,42.4,42,20.9,4,,,,,,,,
Nagpur,Maharashtra,5450118,5.5,82,Ahmedabad,310.0,53.0,257.0,42.4,174,20.9,17,,,,,,,,
Wardha,Maharashtra,1447224,5.5,22,Ahmedabad,282.0,53.0,229.0,42.4,46,20.9,5,,,,,,,,
Ahmadabad,Gujarat,9432449,5.6,145,Ahmedabad,53.0,53.0,0.0,42.4,307,20.9,30,,,,,,,,
Botad,Gujarat,760463,5.6,12,Ahmedabad,70.0,53.0,17.0,42.4,25,20.9,2,,,,,,,,
Kheda,Gujarat,2343932,5.6,36,Ahmedabad,50.0,53.0,3.0,42.4,76,20.9,8,,,,,,,,
Surendranagar,Gujarat,1796646,5.6,28,Ahmedabad,70.0,53.0,17.0,42.4,58,20.9,6,,,,,,,,
Bharuch,Gujarat,1813048,5.6,28,Ahmedabad,15.0,53.0,38.0,42.4,59,20.9,6,,,,,,,,
Bhavnagar,Gujarat,2870909,5.6,44,Ahmedabad,24.0,53.0,29.0,42.4,93,20.9,9,,,,,,,,
Surat,Gujarat,8014357,5.6,123,Ahmedabad,13.0,53.0,40.0,42.4,261,20.9,26,,,,,,,,
Narmada,Gujarat,644944,5.6,10,Ahmedabad,40.0,53.0,13.0,42.4,21,20.9,2,,,,,,,,
Morbi,Gujarat,1144225,5.6,18,Ahmedabad,50.0,53.0,3.0,42.4,37,20.9,4,,,,,,,,
Chhotaudepur,Gujarat,1159014,5.6,18,Ahmedabad,150.0,53.0,97.0,42.4,38,20.9,4,,,,,,,,
Panch Mahals,Gujarat,1829689,5.6,28,Ahmedabad,100.0,53.0,47.0,42.4,60,20.9,6,,,,,,,,
Vadodara,Gujarat,3923514,5.6,60,Ahmedabad,39.0,53.0,14.0,42.4,128,20.9,13,,,,,,,,
Anand,Gujarat,2407575,5.6,37,Ahmedabad,45.0,53.0,8.0,42.4,78,20.9,8,,,,,,,,
Porbandar,Gujarat,711964,5.6,11,Ahmedabad,1.0,53.0,52.0,42.4,23,20.9,2,,,,,,,,
Jamnagar,Gujarat,1708065,5.6,26,Ahmedabad,20.0,53.0,33.0,42.4,56,20.9,5,,,,,,,,
Devbhumi Dwarka,Gujarat,870917,5.6,13,Ahmedabad,5.0,53.0,48.0,42.4,28,20.9,3,,,,,,,,
Rajkot,Gujarat,3834207,5.6,59,Ahmedabad,134.0,53.0,81.0,42.4,125,20.9,12,,,,,,,,
Navsari,Gujarat,1541040,5.6,24,Ahmedabad,9.0,53.0,44.0,42.4,50,20.9,5,,,,,,,,
Valsad,Gujarat,2012724,5.6,31,Ahmedabad,13.0,53.0,40.0,42.4,65,20.9,6,,,,,,,,
Dang,Gujarat,249793,5.6,4,Ahmedabad,200.0,53.0,147.0,42.4,8,20.9,1,,,,,,,,
Tapi,Gujarat,880526,5.6,14,Ahmedabad,50.0,53.0,3.0,42.4,29,20.9,3,,,,,,,,
Amreli,Gujarat,1727827,5.6,27,Ahmedabad,128.0,53.0,75.0,42.4,56,20.9,6,,,,,,,,
Junagadh,Gujarat,1798524,5.6,28,Ahmedabad,107.0,53.0,54.0,42.4,58,20.9,6,,,,,,,,
Gir Somnath,Gujarat,1393808,5.6,21,Ahmedabad,20.0,53.0,33.0,42.4,45,20.9,4,,,,,,,,
Banas Kantha,Gujarat,3439611,5.6,53,Ahmedabad,150.0,53.0,97.0,42.4,112,20.9,11,,,,,,,,
Mahesana,Gujarat,2328152,5.6,36,Ahmedabad,95.0,53.0,42.0,42.4,76,20.9,7,,,,,,,,
Sabar Kantha,Gujarat,1565108,5.6,24,Ahmedabad,100.0,53.0,47.0,42.4,51,20.9,5,,,,,,,,
Patan,Gujarat,1514367,5.6,23,Ahmedabad,76.0,53.0,23.0,42.4,49,20.9,5,,,,,,,,
Gandhinagar,Gujarat,1668930,5.6,26,Ahmedabad,81.0,53.0,28.0,42.4,54,20.9,5,,,,,,,,
Dohad,Gujarat,2315019,5.6,36,Ahmedabad,300.0,53.0,247.0,42.4,75,20.9,7,,,,,,,,
Mahisagar,Gujarat,1087802,5.6,17,Ahmedabad,150.0,53.0,97.0,42.4,35,20.9,3,,,,,,,,
Arvalli,Gujarat,1125081,5.6,17,Ahmedabad,200.0,53.0,147.0,42.4,37,20.9,4,,,,,,,,
Kachchh,Gujarat,2452467,5.6,38,Ahmedabad,300.0,53.0,247.0,42.4,80,20.9,8,,,,,,,,
Chengalpattu,Tamil Nadu,3176637,6.1,53,Chennai,50.0,6.0,44.0,24.4,65,17.5,9,,,,,,,,
Karur,Tamil Nadu,1117632,6.1,19,Chennai,122.0,6.0,116.0,24.4,23,17.5,3,,,,,,,,
Coimbatore,Tamil Nadu,3929480,6.1,66,Chennai,411.0,6.0,405.0,24.4,80,17.5,11,,,,,,,,
Virudhunagar,Tamil Nadu,2085186,6.1,35,Chennai,102.0,6.0,96.0,24.4,43,17.5,6,,,,,,,,
Dharmapuri,Tamil Nadu,1495249,6.1,25,Chennai,468.0,6.0,462.0,24.4,30,17.5,4,,,,,,,,
Kanchipuram,Tamil Nadu,1243400,6.1,21,Chennai,83.0,6.0,77.0,24.4,25,17.5,4,,,,,,,,
Thiruvarur,Tamil Nadu,1264074,6.1,21,Chennai,4.0,6.0,2.0,24.4,26,17.5,4,,,,,,,,
Nagapattinam,Tamil Nadu,709187,6.1,12,Chennai,9.0,6.0,3.0,24.4,14,17.5,2,,,,,,,,
Ariyalur,Tamil Nadu,737571,6.1,12,Chennai,78.0,6.0,72.0,24.4,15,17.5,2,,,,,,,,
Erode,Tamil Nadu,2422696,6.1,40,Chennai,171.0,6.0,165.0,24.4,49,17.5,7,,,,,,,,
Kallakurichi,Tamil Nadu,1380380,6.1,23,Chennai,160.0,6.0,154.0,24.4,28,17.5,4,,,,,,,,
Mayiladuthurai,Tamil Nadu,915587,6.1,15,Chennai,6.0,6.0,0.0,24.4,19,17.5,3,,,,,,,,
Madurai,Tamil Nadu,3338644,6.1,56,Chennai,101.0,6.0,95.0,24.4,68,17.5,10,,,,,,,,
Tiruchirappalli,Tamil Nadu,2913804,6.1,49,Chennai,88.0,6.0,82.0,24.4,59,17.5,9,,,,,,,,
Dindigul,Tamil Nadu,2249668,6.1,38,Chennai,265.0,6.0,259.0,24.4,46,17.5,7,,,,,,,,
Krishnagiri,Tamil Nadu,1890546,6.1,32,Chennai,631.0,6.0,625.0,24.4,39,17.5,6,,,,,,,,
Namakkal,Tamil Nadu,1810661,6.1,30,Chennai,218.0,6.0,212.0,24.4,37,17.5,5,,,,,,,,
Theni,Tamil Nadu,1347789,6.1,23,Chennai,303.0,6.0,297.0,24.4,27,17.5,4,,,,,,,,
Thiruvallur,Tamil Nadu,3454765,6.1,58,Chennai,13.0,6.0,7.0,24.4,70,17.5,10,,,,,,,,
Tuticorin,Tamil Nadu,1877362,6.1,31,Chennai,4.0,6.0,2.0,24.4,38,17.5,5,,,,,,,,
Villupuram,Tamil Nadu,2032279,6.1,34,Chennai,171.0,6.0,165.0,24.4,41,17.5,6,,,,,,,,
Cuddalore,Tamil Nadu,2692230,6.1,45,Chennai,6.0,6.0,0.0,24.4,55,17.5,8,,,,,,,,
The Nilgiris,Tamil Nadu,805321,6.1,13,Chennai,1800.0,6.0,1794.0,24.4,16,17.5,2,,,,,,,,
Ranipet,Tamil Nadu,1257749,6.1,21,Chennai,164.0,6.0,158.0,24.4,26,17.5,4,,,,,,,,
Sivaganga,Tamil Nadu,1373166,6.1,23,Chennai,102.0,6.0,96.0,24.4,28,17.5,4,,,,,,,,
Kanniyakumari,Tamil Nadu,2154062,6.1,36,Chennai,19.0,6.0,13.0,24.4,44,17.5,6,,,,,,,,
Tirunelveli,Tamil Nadu,1776605,6.1,30,Chennai,47.0,6.0,41.0,24.4,36,17.5,5,,,,,,,,
Tenkasi,Tamil Nadu,1519003,6.1,25,Chennai,143.0,6.0,137.0,24.4,31,17.5,4,,,,,,,,
Tiruppur,Tamil Nadu,2724721,6.1,46,Chennai,295.0,6.0,289.0,24.4,56,17.5,8,,,,,,,,
Tiruvannamalai,Tamil Nadu,2462613,6.1,41,Chennai,171.0,6.0,165.0,24.4,50,17.5,7,,,,,,,,
Thanjavur,Tamil Nadu,2493965,6.1,42,Chennai,57.0,6.0,51.0,24.4,51,17.5,7,,,,,,,,
Pudukkottai,Tamil Nadu,1614744,6.1,27,Chennai,88.0,6.0,82.0,24.4,33,17.5,5,,,,,,,,
Vellore,Tamil Nadu,1662552,6.1,28,Chennai,216.0,6.0,210.0,24.4,34,17.5,5,,,,,,,,
Salem,Tamil Nadu,3742374,6.1,63,Chennai,278.0,6.0,272.0,24.4,76,17.5,11,,,,,,,,
Perambalur,Tamil Nadu,560699,6.1,9,Chennai,143.0,6.0,137.0,24.4,11,17.5,2,,,,,,,,
Tirupathur,Tamil Nadu,1235863,6.1,21,Chennai,388.0,6.0,382.0,24.4,25,17.5,4,,,,,,,,
Ramanathapuram,Tamil Nadu,1386251,6.1,23,Chennai,2.0,6.0,4.0,24.4,28,17.5,4,,,,,,,,
Chennai,Tamil Nadu,6234591,6.1,104,Chennai,6.0,6.0,0.0,24.4,127,17.5,18,,,,,,,,
Alappuzha,Kerala,2458384,7,47,Mumbai,1.0,14.0,13.0,5.0,12,5.2,2,,,,,,,,
Ernakulam,Kerala,4385291,7,84,Mumbai,4.0,14.0,10.0,5.0,21,5.2,4,,,,,,,,
Idukki,Kerala,581911,7,11,Mumbai,1200.0,14.0,1186.0,5.0,3,5.2,1,,,,,,,,
Kannur,Kerala,3272889,7,63,Mumbai,1.0,14.0,13.0,5.0,16,5.2,3,,,,,,,,
Kasaragod,Kerala,1259096,7,24,Mumbai,19.0,14.0,5.0,5.0,6,5.2,1,,,,,,,,
Kollam,Kerala,2744181,7,53,Mumbai,3.0,14.0,11.0,5.0,13,5.2,3,,,,,,,,
Kottayam,Kerala,1641224,7,31,Mumbai,3.0,14.0,11.0,5.0,8,5.2,2,,,,,,,,
Kozhikode,Kerala,4087080,7,78,Mumbai,1.0,14.0,13.0,5.0,20,5.2,4,,,,,,,,
Malappuram,Kerala,4237225,7,81,Mumbai,2.0,14.0,12.0,5.0,20,5.2,4,,,,,,,,
Pathanamthitta,Kerala,724853,7,14,Mumbai,18.0,14.0,4.0,5.0,3,5.2,1,,,,,,,,
Thiruvananthapuram,Kerala,3801772,7,73,Mumbai,10.0,14.0,4.0,5.0,18,5.2,4,,,,,,,,
Thrissur,Kerala,4133806,7,79,Mumbai,2.0,14.0,12.0,5.0,20,5.2,4,,,,,,,,
Wayanad,Kerala,420245,7,8,Mumbai,700.0,14.0,686.0,5.0,2,5.2,0,,,,,,,,
Palakkad,Kerala,2172012,7,42,Mumbai,84.0,14.0,70.0,5.0,10,5.2,2,,,,,,,,
Anantapur,Andhra Pradesh,2447814,6.3,42,Hyderabad,335.0,505.0,170.0,11.2,24,13.9,6,,,,,,,,
Chittoor,Andhra Pradesh,1942919,6.3,34,Hyderabad,333.0,505.0,172.0,11.2,19,13.9,5,,,,,,,,
Y S R,Andhra Pradesh,2296651,6.3,40,Hyderabad,138.0,505.0,367.0,11.2,22,13.9,6,,,,,,,,
East Godavari,Andhra Pradesh,1979430,6.3,34,Bangalore,10.0,920.0,910.0,1.9,3,2.9,1,,,,,,,,
Guntur,Andhra Pradesh,2429534,6.3,42,Bangalore,33.0,920.0,887.0,1.9,4,2.9,1,,,,,,,,
Krishna,Andhra Pradesh,1855428,6.3,32,Bangalore,5.0,920.0,915.0,1.9,3,2.9,1,,,,,,,,
Kurnool,Andhra Pradesh,2481391,6.3,43,Hyderabad,273.0,505.0,232.0,11.2,24,13.9,6,,,,,,,,
SPSR Nellore,Andhra Pradesh,2648542,6.3,46,Hyderabad,19.0,505.0,486.0,11.2,26,13.9,6,,,,,,,,
Prakasam,Andhra Pradesh,2371332,6.3,41,Hyderabad,10.0,505.0,495.0,11.2,23,13.9,6,,,,,,,,
Srikakulam,Andhra Pradesh,2250608,6.3,39,Bangalore,10.0,920.0,910.0,1.9,4,2.9,1,,,,,,,,
Visakhapatanam,Andhra Pradesh,2573121,6.3,44,Bangalore,45.0,920.0,875.0,1.9,4,2.9,1,,,,,,,,
Vizianagaram,Andhra Pradesh,2022513,6.3,35,Bangalore,74.0,920.0,846.0,1.9,3,2.9,1,,,,,,,,
West Godavari,Andhra Pradesh,1893133,6.3,33,Bangalore,10.0,920.0,910.0,1.9,3,2.9,1,,,,,,,,
Parvathipuram Manyam,Andhra Pradesh,937047,6.3,16,Bangalore,100.0,920.0,820.0,1.9,2,2.9,0,,,,,,,,
Anakapalli,Andhra Pradesh,1756229,6.3,30,Bangalore,30.0,920.0,890.0,1.9,3,2.9,1,,,,,,,,
Alluri Sitharama Raju,Andhra Pradesh,998370,6.3,17,Bangalore,200.0,920.0,720.0,1.9,2,2.9,0,,,,,,,,
Kakinada,Andhra Pradesh,2269350,6.3,39,Bangalore,2.0,920.0,918.0,1.9,4,2.9,1,,,,,,,,
Konaseema,Andhra Pradesh,1714781,6.3,30,Bangalore,5.0,920.0,915.0,1.9,3,2.9,1,,,,,,,,
Eluru,Andhra Pradesh,2112488,6.3,36,Bangalore,22.0,920.0,898.0,1.9,3,2.9,1,,,,,,,,
NTR,Andhra Pradesh,2642537,6.3,46,Bangalore,25.0,920.0,895.0,1.9,4,2.9,1,,,,,,,,
Bapatla,Andhra Pradesh,1635069,6.3,28,Hyderabad,8.0,505.0,497.0,11.2,16,13.9,4,,,,,,,,
Palnadu,Andhra Pradesh,2140304,6.3,37,Hyderabad,50.0,505.0,455.0,11.2,21,13.9,5,,,,,,,,
Tirupati,Andhra Pradesh,2443553,6.3,42,Hyderabad,150.0,505.0,355.0,11.2,24,13.9,6,,,,,,,,
Annamayya,Andhra Pradesh,1783339,6.3,31,Hyderabad,200.0,505.0,305.0,11.2,17,13.9,4,,,,,,,,
Sri Sathya Sai,Andhra Pradesh,1920667,6.3,33,Hyderabad,536.0,505.0,31.0,11.2,19,13.9,5,,,,,,,,
Nandyal,Andhra Pradesh,1861916,6.3,32,Hyderabad,203.0,505.0,302.0,11.2,18,13.9,4,,,,,,,,
Dakshina Kannada,Karnataka,2384701,6.2,41,Bangalore,22.0,920.0,898.0,1.9,4,2.9,1,,,,,,,,
,,,,,,,,,,29967,,3384,,,,,,,,