district,infant_pop
Agra,451486
Aligarh,387800
Ambedkar Nagar,218466
Amethi,258932
Amroha,187573
Auraiya,134123
Ayodhya,251796
Azamgarh,453250
Baghpat,132999
Bahraich,433627
Ballia,299913
Balrampur,259044
Banda,195350
Barabanki,332330
Bareilly,470644
Basti,254097
Bhadohi,159029
Bijnor,381675
Budaun,448927
Bulandshahr,372626
Chandauli,200376
Chitrakoot,116022
Deoria,300315
Etah,187408
Etawah,153492
Farrukhabad,203159
Fatehpur,255450
Firozabad,252279
Gautam Buddha Nagar,170358
Ghaziabad,467719
Ghazipur,358729
Gonda,374592
Gorakhpur,407162
Hamirpur,33948
Hapur,135582
Hardoi,432264
Hathras,159029
Jalaun,155116
Jaunpur,439913
Jhansi,176054
Kannauj,172268
Kanpur Dehat,168821
Kanpur Nagar,338071
Kasganj,145777
Kaushambi,177787
Kheri,435145
Kushi,187573
Lalitpur,144991
Lucknow,357215
Maharajganj,274223
Mahoba,84218
Mainpuri,188308
Mathura,274451
Meerut,346139
Mirzapur,271250
Moradabad,526832
Muzaffarnagar,436383
Pilibhit,201540
Pratapgarh,102856
Prayagraj,606553
Rae Bareli,314931
Rampur,254161
Saharanpur,353758
Sambhal,222233
Sant Kabeer Nagar,174320
Shahjahanpur,334729
Shamli,129466
Shravasti,114175
Siddharth Nagar,260971
Sitapur,493654
Sonbhadra,214024
Sultanpur,366307
Unnao,286855
Varanasi,324497
