name,latitude,longitude,temp_D1,temp_D2,temp_D3,temp_D4,temp_D5,temp_D6,temp_D7,feelslike_D1,feelslike_D2,feelslike_D3,feelslike_D4,feelslike_D5,feelslike_D6,feelslike_D7,dew_D1,dew_D2,dew_D3,dew_D4,dew_D5,dew_D6,dew_D7,humidity_D1,humidity_D2,humidity_D3,humidity_D4,humidity_D5,humidity_D6,humidity_D7,tempwet_D1,tempwet_D2,tempwet_D3,tempwet_D4,tempwet_D5,tempwet_D6,tempwet_D7,windspeed_D1,windspeed_D2,windspeed_D3,windspeed_D4,windspeed_D5,windspeed_D6,windspeed_D7,sealevelpressure_D1,sealevelpressure_D2,sealevelpressure_D3,sealevelpressure_D4,sealevelpressure_D5,sealevelpressure_D6,sealevelpressure_D7,solarradiation_D1,solarradiation_D2,solarradiation_D3,solarradiation_D4,solarradiation_D5,solarradiation_D6,solarradiation_D7,Total Excess deaths due to a 5-day heatwave (97th percentile),Total Main Workers,infant_pop,elderly_pop,WBGT_D1,WBGT_D2,WBGT_D3,WBGT_D4,WBGT_D5,WBGT_D6,WBGT_D7,max_temp_5day,mean_temp_5day,max_humidity_5day,mean_humidity_5day,max_WBGT_5day,mean_WBGT_5day,dangerous_WBGT_days,red_WBGT_days,extreme_WBGT_days,Area_km2,infant_density,elderly_density,worker_density
Agra,27.18,78.02,38.0,38.0,36.8,36.1,36.0,37.5,36.9,40.0,38.9,38.1,37.7,38.9,38.8,39.1,18.8,17.3,17.7,17.8,19.9,17.4,18.5,33.4,31.2,34.0,35.4,41.7,31.2,35.7,25.0,24.2,24.1,23.9,25.0,24.2,24.6,16.2,18.4,22.3,18.4,14.8,15.1,18.4,996.5,998.2,999.0,1001.7,1001.0,1000.5,1000.8,281.5,295.1,299.5,275.6,308.9,315.9,300.4,183,26798,451486,37866,41.4,41.39,39.99,39.16,40.04,41.52,40.35,38.0,36.98,41.7,35.14,41.4,40.396,5,5,5,4027.0,112.11,9.4,6.65
Aligarh,27.88,78.08,37.6,37.4,36.1,34.8,35.5,36.0,36.1,40.2,37.9,37.6,36.6,38.9,37.3,39.2,19.7,16.4,18.1,18.4,20.7,17.5,19.8,37.7,30.4,36.3,38.8,43.8,34.7,41.0,25.4,23.6,24.1,23.8,25.3,23.7,25.0,14.0,21.2,26.6,18.4,15.8,15.5,13.7,996.5,997.9,999.4,1001.5,1000.7,1000.4,1000.7,296.9,297.0,303.8,271.8,305.9,312.4,311.2,150,20961,387800,33863,41.53,40.57,39.1,37.8,39.37,39.9,40.26,37.6,36.28,43.8,37.4,41.53,39.674,5,5,5,3747.0,103.5,9.04,5.59
Ambedkar Nagar,26.42,82.671,37.6,35.8,34.8,32.7,34.7,33.7,34.1,48.8,44.7,45.0,39.8,41.7,39.6,42.2,26.1,25.3,26.3,24.9,24.3,23.6,25.2,53.9,56.4,62.8,64.9,57.1,56.4,60.8,29.2,28.2,28.6,27.0,27.2,26.5,27.6,13.3,18.0,19.1,13.7,11.9,18.7,20.9,996.6,999.0,1000.4,1002.3,1001.0,1000.8,1001.8,291.4,309.5,311.1,298.1,298.0,300.4,308.7,96,18500,218466,26230,42.91,40.59,39.49,37.98,40.25,38.26,38.6,37.6,35.120000000000005,64.9,59.02,42.91,40.244,5,5,5,2372.0,92.1,11.06,7.8
Amethi,26.157,81.805,37.7,37.9,35.3,35.0,35.7,35.7,35.3,42.6,41.4,44.3,40.2,40.3,39.0,41.7,21.8,21.0,25.1,22.7,21.9,20.5,23.5,40.9,41.0,57.1,51.9,47.7,43.3,51.7,26.7,26.3,28.0,26.4,26.1,25.3,26.9,11.5,13.0,16.9,14.8,15.1,13.0,14.8,996.5,998.5,1000.0,1001.8,1000.8,1000.5,1001.5,288.1,284.7,295.4,296.0,300.4,302.3,309.7,74,17600,258932,17262,42.85,42.64,39.88,39.77,40.47,40.76,40.33,37.9,36.31999999999999,57.1,47.720000000000006,42.85,41.122,5,5,5,3063.0,84.54,5.64,5.75
Amroha,28.904,78.468,36.3,35.0,33.2,33.7,33.6,33.7,33.8,41.4,38.0,35.8,36.5,38.7,37.8,38.7,22.2,20.2,19.8,20.2,22.7,22.0,22.7,46.5,44.0,46.5,46.8,54.7,53.0,53.3,26.5,24.9,24.1,24.5,25.9,25.5,25.9,13.7,13.7,20.9,13.3,16.6,15.5,20.2,996.8,998.1,999.6,1001.6,1000.6,1000.7,1001.4,298.4,318.6,309.6,303.8,320.1,314.7,312.9,74,9728,187573,12505,40.41,39.42,36.71,37.86,37.74,37.81,37.44,36.3,34.36,54.7,47.7,40.41,38.428,5,5,5,2321.0,80.82,5.39,4.19
Auraiya,26.46,79.511,38.8,38.3,37.7,36.3,36.3,36.7,36.7,41.0,39.2,38.9,37.9,38.6,37.8,38.7,18.6,17.2,17.6,18.1,19.0,17.3,18.6,31.4,30.2,31.7,35.9,38.2,33.3,36.1,25.2,24.3,24.3,24.2,24.6,23.8,24.5,15.8,19.1,15.1,14.8,16.2,17.3,18.7,996.4,998.3,998.8,1001.1,1000.6,1000.1,1000.6,266.2,296.8,296.7,291.7,284.7,304.6,313.5,55,5796,134123,12554,42.2,41.92,41.72,40.26,39.98,40.57,40.63,38.8,37.48,38.2,33.48,42.2,41.216,5,5,5,2051.0,65.39,6.12,2.83
Ayodhya,26.793,82.2,37.7,35.9,34.7,33.2,34.6,33.9,34.2,47.5,44.7,44.3,39.6,41.4,39.7,41.6,25.1,25.1,26.0,24.3,24.2,23.6,24.7,50.3,55.6,62.0,61.0,56.9,55.9,59.0,28.7,28.1,28.3,26.8,27.1,26.5,27.3,14.8,15.8,19.8,14.4,13.0,19.4,20.5,996.7,998.8,1000.2,1002.3,1001.0,1000.8,1001.8,296.2,308.6,309.3,304.2,300.5,298.6,308.9,99,12812,251796,16786,42.67,40.96,39.3,38.33,39.83,38.2,38.61,37.7,35.22,62.0,57.16,42.67,40.218,5,5,5,2765.0,91.07,6.07,4.63
Azamgarh,26.074,83.186,39.6,36.3,34.9,33.5,35.7,35.8,35.7,42.3,45.4,44.9,39.4,39.4,38.9,42.2,19.0,25.1,26.2,23.5,20.8,20.2,23.5,32.8,55.5,62.5,58.3,46.0,42.1,52.3,25.7,28.3,28.5,26.5,25.5,25.2,27.1,22.3,25.9,15.9,16.6,13.0,14.8,11.3,996.4,998.9,1000.1,1002.3,1001.1,1000.9,1001.7,272.0,296.4,312.2,291.4,294.9,310.4,308.9,183,24102,453250,47221,43.38,40.33,39.94,38.32,41.0,40.82,41.46,39.6,36.0,62.5,51.02,43.38,40.594,5,5,5,4053.0,111.83,11.65,5.95
Baghpat,28.95,77.22,39.1,38.7,36.5,36.7,37.2,37.0,37.8,39.0,38.7,36.1,36.7,37.3,38.0,38.3,11.5,12.3,13.7,14.7,14.5,16.6,15.3,22.2,23.8,26.6,28.3,28.4,31.7,28.0,22.1,22.2,22.1,22.6,22.7,23.7,23.3,18.4,18.4,18.4,16.6,14.8,18.4,27.7,998.0,999.4,1001.4,1002.8,1001.7,1001.6,1001.9,319.8,320.7,293.2,305.8,312.6,304.9,301.7,52,9290,132999,15141,42.54,42.17,39.57,40.14,40.92,40.31,40.47,39.1,37.64,28.4,25.86,42.54,41.068000000000005,5,5,5,,,,
Bahraich,27.577,81.603,37.7,35.8,34.9,33.2,34.4,33.4,33.9,44.6,42.4,42.8,37.4,39.8,38.0,39.8,24.0,23.4,24.9,22.2,23.0,22.6,23.6,46.9,50.4,57.8,54.5,53.5,54.6,56.4,27.9,27.0,27.7,25.5,26.4,25.8,26.5,15.8,15.8,22.3,16.2,13.3,19.8,19.1,996.7,998.8,1000.5,1002.2,1001.3,1001.1,1002.0,302.7,308.7,311.2,298.9,295.9,295.3,305.1,138,10762,433627,26275,42.41,40.6,39.1,37.66,39.19,37.39,38.16,37.7,35.2,57.8,52.620000000000005,42.41,39.792,5,5,5,4926.0,88.03,5.33,2.18
Ballia,25.76,84.147,37.4,34.5,33.7,32.8,34.4,33.4,34.0,53.0,44.7,44.5,40.8,42.9,40.9,43.2,28.4,26.3,27.0,25.5,25.3,25.0,26.0,61.7,63.6,69.0,66.4,61.3,62.7,64.1,30.7,28.5,28.7,27.5,27.8,27.3,28.1,19.8,20.2,20.2,16.2,13.0,14.0,19.1,996.7,999.1,1000.5,1002.1,1001.3,1001.3,1001.9,297.9,308.1,310.5,261.7,287.7,309.3,299.0,129,21970,299913,35328,41.96,38.97,38.2,37.39,39.8,38.63,38.59,37.4,34.56,69.0,64.4,41.96,39.264,5,5,5,2981.0,100.61,11.85,7.37
Balrampur,27.43,82.18,37.3,35.2,34.3,32.3,33.6,32.7,33.3,44.8,41.6,41.9,36.7,39.6,37.0,38.7,23.7,23.5,24.7,22.6,23.7,22.6,23.2,47.0,52.3,58.7,57.3,57.4,56.5,56.7,27.6,26.9,27.4,25.4,26.5,25.6,26.1,17.3,19.8,20.2,18.4,11.9,15.5,17.6,997.0,999.1,1000.8,1002.5,1001.6,1001.3,1002.4,309.6,312.6,314.9,306.9,289.1,298.5,307.5,85,5899,259044,17333,42.09,39.74,38.86,36.84,38.67,37.37,37.89,37.3,34.54,58.7,54.54,42.09,39.24000000000001,5,5,5,3349.0,77.35,5.18,1.76
Banda,24.045,78.961,37.0,36.2,36.5,35.4,35.4,34.8,33.9,43.8,41.4,41.5,39.5,38.4,37.7,37.9,22.1,20.9,21.3,20.7,19.8,19.9,21.5,44.9,43.9,43.0,43.8,41.8,43.0,49.1,26.8,25.8,26.0,25.4,24.8,24.7,25.3,20.9,18.4,17.3,17.3,15.1,20.9,20.5,998.6,1000.2,1000.7,1001.9,1001.5,1002.1,1003.3,266.1,268.4,263.3,267.6,268.8,288.0,230.4,72,8168,195350,16716,40.14,39.52,39.82,38.77,38.96,38.21,36.38,37.0,36.1,44.9,43.48,40.14,39.442,5,5,5,4413.0,44.27,3.79,1.85
Barabanki,26.927,81.197,38.0,38.3,35.3,35.5,35.7,35.2,34.2,42.0,39.2,41.6,38.7,38.6,37.3,38.5,20.2,16.4,23.3,20.2,19.6,19.0,21.9,37.6,29.9,52.0,42.5,42.4,39.6,50.7,25.9,23.9,26.9,25.1,24.9,24.3,25.7,22.3,22.3,24.1,14.8,22.3,18.4,18.4,996.8,998.1,1000.0,1001.8,1000.8,1000.9,1001.7,287.4,295.2,302.2,288.5,291.6,292.5,307.7,130,14356,332330,22155,41.61,41.92,39.11,39.79,39.31,39.1,38.47,38.3,36.56,52.0,40.88,41.92,40.348,5,5,5,3825.0,86.88,5.79,3.75
Bareilly,28.367,79.431,37.5,35.5,34.3,33.5,34.4,34.4,34.2,42.5,38.3,39.2,35.8,38.9,38.0,39.0,22.0,19.7,22.5,19.7,22.1,21.2,22.3,43.4,42.3,52.6,46.4,50.8,48.5,51.2,26.8,24.8,26.0,24.2,25.8,25.3,25.9,12.2,15.8,18.0,14.4,13.3,14.8,19.1,996.6,998.0,999.8,1001.6,1000.8,1000.8,1001.5,294.5,313.6,310.2,284.8,314.8,310.3,314.5,182,20228,470644,34772,41.93,39.74,38.31,37.32,39.02,38.68,38.11,37.5,35.040000000000006,52.6,47.1,41.93,39.264,5,5,5,4120.0,114.23,8.44,4.91
Basti,26.797,82.74,37.5,35.3,34.6,32.2,34.5,33.4,33.9,47.7,43.0,44.0,38.0,41.2,38.7,41.1,25.5,24.5,25.9,24.0,24.1,23.1,24.7,52.5,55.4,62.0,63.4,56.8,55.7,60.4,28.8,27.5,28.2,26.3,27.0,26.1,27.3,20.5,19.1,19.8,15.1,12.6,18.0,20.9,996.6,999.0,1000.3,1002.3,1001.0,1001.1,1002.0,296.6,312.0,312.0,301.2,300.3,299.4,308.8,98,8842,254097,21502,41.94,39.94,39.21,37.28,39.95,38.0,38.38,37.5,34.82000000000001,63.4,58.02,41.94,39.664,5,5,5,,,,
Bhadohi,25.42,82.57,40.4,36.9,35.1,34.4,36.1,37.0,36.3,41.9,46.7,45.2,40.3,39.0,39.8,42.3,17.5,25.2,26.3,23.1,19.8,19.5,23.0,28.7,54.7,62.6,55.4,42.8,37.9,49.2,25.1,28.6,28.7,26.5,25.0,25.2,26.9,22.3,25.9,14.8,16.6,14.8,14.8,11.5,996.5,998.9,1000.0,1002.2,1001.1,1000.8,1001.7,242.1,239.2,287.7,281.4,295.8,299.5,309.6,63,17100,159029,10602,43.41,39.86,40.12,38.89,41.02,41.93,42.02,40.4,36.58,62.6,48.84,43.41,40.66,5,5,5,960.0,165.66,11.04,17.81
Bijnor,29.37,78.13,35.8,34.5,33.0,33.2,33.2,33.1,33.2,41.3,37.5,35.6,36.9,38.5,37.7,37.9,22.7,20.2,19.7,21.3,23.1,22.6,22.7,49.0,45.7,46.7,51.8,57.3,56.5,55.2,26.6,24.8,24.0,25.0,26.0,25.7,25.8,11.5,11.2,22.0,11.9,17.6,14.4,18.7,996.8,998.0,999.7,1001.4,1000.5,1000.5,1001.4,301.5,322.0,307.0,314.2,319.9,315.2,308.9,149,28876,381675,30575,40.23,39.3,36.33,37.74,37.16,37.31,36.82,35.8,33.94,57.3,50.1,40.23,38.152,5,5,5,4561.0,83.68,6.7,6.33
Budaun,28.05,79.12,36.9,35.4,34.5,33.8,34.8,34.3,34.1,41.6,37.6,38.8,36.0,39.1,37.4,38.1,21.9,18.8,21.9,19.5,21.6,20.7,21.6,44.2,40.0,50.2,45.0,47.7,47.4,49.8,26.5,24.2,25.7,24.2,25.6,24.9,25.4,13.3,11.2,17.3,13.0,15.5,14.8,18.4,996.5,997.9,999.6,1001.5,1000.4,1000.6,1001.1,289.8,302.3,304.5,275.4,310.2,314.8,318.5,126,11906,448927,24887,41.03,39.99,38.43,37.56,38.98,38.62,38.09,36.9,35.08,50.2,45.42,41.03,39.198,5,5,5,5168.0,86.87,4.82,2.3
Bulandshahr,28.407,77.85,39.1,38.7,36.5,36.7,37.2,37.0,37.8,39.0,38.6,36.1,36.6,37.4,38.0,38.3,11.6,12.4,13.7,14.6,14.6,16.6,15.5,22.3,24.0,26.7,28.4,28.6,31.8,28.4,22.1,22.2,22.1,22.6,22.7,23.7,23.3,18.4,18.4,18.4,16.6,14.8,18.4,27.7,998.0,999.4,1001.4,1002.8,1001.7,1001.6,1002.0,298.9,316.6,292.5,291.2,308.3,310.2,308.4,141,15447,372626,32672,42.3,42.21,39.65,39.99,40.96,40.49,40.64,39.1,37.64,28.6,26.0,42.3,41.022000000000006,5,5,5,3719.0,100.2,8.79,4.15
Chandauli,25.897,85.716,36.0,32.6,32.8,33.0,34.7,34.0,33.6,59.2,44.1,48.3,43.7,47.3,45.2,46.2,31.4,27.3,29.3,26.9,27.6,26.9,27.9,78.2,74.7,82.8,70.9,68.5,67.2,73.4,32.4,28.6,30.2,28.4,29.5,28.8,29.4,22.3,22.3,22.3,18.4,16.6,22.3,20.5,996.7,999.8,1000.8,1002.4,1001.1,1001.3,1002.0,299.1,270.4,249.7,265.3,282.5,304.2,239.7,78,14216,200376,17089,40.33,36.81,37.06,37.58,39.52,38.23,37.66,36.0,33.81999999999999,82.8,75.02000000000001,40.33,38.260000000000005,5,5,5,2554.0,78.46,6.69,5.57
Chitrakoot,25.203,81.089,39.6,39.0,37.3,35.4,36.2,37.5,37.2,41.0,39.7,39.8,38.6,38.5,38.5,39.1,18.0,16.6,18.6,20.2,19.2,17.0,18.5,29.4,28.6,36.0,42.1,39.5,31.1,34.9,25.1,24.2,24.8,25.0,24.7,24.0,24.6,18.0,14.0,13.0,14.8,14.4,15.8,17.6,996.6,998.5,999.4,1001.3,1000.7,1000.4,1001.3,255.9,279.5,272.8,266.6,283.3,287.6,307.8,39,4479,116022,8341,42.94,43.2,41.54,39.32,40.49,41.6,41.54,39.6,37.5,42.1,35.12,43.2,41.498000000000005,5,5,5,3202.0,36.23,2.6,1.4
Deoria,26.179,85.023,36.1,32.6,32.8,33.0,34.7,34.1,33.7,59.4,44.2,48.3,43.7,47.3,45.3,46.2,31.4,27.3,29.3,26.8,27.6,26.9,27.8,77.8,74.4,82.4,70.7,68.6,67.0,73.0,32.4,28.7,30.1,28.4,29.5,28.8,29.4,22.3,22.3,22.3,18.4,16.6,22.3,20.5,996.8,999.8,1000.8,1002.4,1001.2,1001.4,1002.1,307.6,293.3,294.7,247.8,281.0,304.9,239.2,123,16208,300315,33289,40.48,36.86,37.12,37.26,39.57,38.38,37.5,36.1,33.84,82.4,74.78,40.48,38.258,5,5,5,2535.0,118.47,13.13,6.39
Etah,27.63,78.67,36.5,36.1,35.1,34.4,34.7,34.9,35.2,40.4,38.0,38.3,37.2,38.4,37.2,39.1,21.1,18.0,20.5,19.8,21.2,19.0,21.0,42.8,36.2,44.6,43.8,46.9,40.5,46.1,25.9,24.0,25.1,24.5,25.3,24.2,25.5,10.8,16.9,22.3,13.0,17.6,16.9,14.4,996.7,998.0,999.1,1001.7,1000.7,1000.3,1000.8,284.5,293.4,298.2,271.6,301.6,315.8,317.6,71,6316,187408,17223,40.81,39.71,38.43,38.04,38.44,38.89,39.56,36.5,35.36,46.9,42.86,40.81,39.086,5,5,5,2456.0,76.31,7.01,2.57
Etawah,26.77,79.03,38.2,38.0,36.9,35.7,35.5,36.4,36.6,40.7,39.0,38.1,38.2,39.3,37.8,38.9,19.3,17.9,17.8,19.5,21.2,17.6,19.0,33.9,31.9,33.7,40.2,45.6,34.2,37.2,25.4,24.5,24.1,24.7,25.6,23.9,24.7,18.7,20.9,12.6,12.2,15.1,15.1,17.6,996.5,998.3,998.9,1001.5,1000.8,1000.3,1000.8,269.1,295.6,307.3,284.1,288.0,308.1,309.5,64,9110,153492,16249,41.35,41.39,41.37,39.79,39.34,40.49,40.48,38.2,36.86,45.6,37.06,41.39,40.648,5,5,5,2287.0,67.11,7.1,3.98
Farrukhabad,27.39,79.581,36.5,36.1,35.1,34.9,35.0,34.5,34.9,40.6,38.0,38.4,38.1,38.9,37.8,38.6,21.6,18.5,20.5,20.6,21.5,20.6,21.2,43.9,37.2,44.6,44.9,47.7,46.1,47.0,26.1,24.3,25.1,25.1,25.6,24.9,25.4,11.2,14.8,20.5,10.4,18.7,19.4,16.2,996.4,998.0,999.0,1001.6,1000.4,1000.3,1000.8,282.9,312.4,310.1,287.9,297.8,309.2,317.1,76,7328,203159,13104,40.91,40.5,38.91,39.48,38.73,38.32,39.2,36.5,35.52,47.7,43.66,40.91,39.706,5,5,5,2279.0,89.14,5.75,3.22
Fatehpur,27.98,74.95,39.6,39.1,36.5,35.2,37.4,38.7,38.3,41.5,40.1,37.6,36.8,38.2,39.2,38.7,15.7,16.1,17.4,18.3,16.5,15.9,15.5,29.0,28.5,33.3,38.1,32.2,27.2,27.2,24.1,24.0,23.9,23.9,23.6,23.7,23.4,27.4,29.2,32.4,29.5,20.9,22.7,25.9,997.4,999.2,1001.2,1002.2,1001.3,1001.0,1001.9,328.7,310.2,240.2,298.8,311.0,312.0,318.8,105,13680,255450,23259,42.48,41.71,38.27,37.7,40.43,41.6,41.09,39.6,37.56,38.1,32.220000000000006,42.48,40.11800000000001,5,5,5,4152.0,61.52,5.6,3.29
Firozabad,27.152,78.395,37.5,37.5,36.3,35.9,35.4,37.0,36.4,39.5,38.5,37.9,37.9,38.3,38.6,38.7,18.6,17.4,18.2,18.9,20.0,17.7,19.0,33.7,32.0,36.1,38.9,43.6,33.1,37.8,24.8,24.1,24.2,24.4,24.9,24.2,24.7,16.6,17.3,20.5,14.8,15.1,14.8,18.0,996.5,998.2,998.8,1001.7,1001.0,1000.3,1000.7,278.2,296.6,303.3,274.1,299.4,316.3,312.0,102,7671,252279,23253,40.85,41.06,39.74,39.33,39.3,41.15,40.16,37.5,36.52,43.6,36.86,41.06,40.056,5,5,5,2361.0,106.85,9.85,3.25
Gautam Buddha Nagar,28.361,77.507,39.2,38.7,36.6,36.7,37.2,37.1,37.9,39.0,38.7,36.1,36.7,37.3,38.1,38.3,11.4,12.1,13.6,14.6,14.4,16.5,15.2,22.1,23.7,26.4,28.3,28.3,31.5,27.8,22.0,22.2,22.1,22.6,22.7,23.7,23.3,18.4,18.4,18.4,16.6,14.8,18.4,27.7,998.0,999.4,1001.4,1002.8,1001.7,1001.6,1002.0,305.2,313.0,290.6,293.8,306.1,304.4,304.3,69,12100,170358,14342,42.46,42.1,39.68,39.99,40.86,40.45,40.65,39.2,37.67999999999999,28.3,25.76,42.46,41.01800000000001,5,5,5,1269.0,134.25,11.3,9.54
Ghaziabad,28.67,77.42,39.1,38.7,36.6,36.7,37.2,37.1,37.8,39.0,38.7,36.1,36.7,37.4,38.1,38.3,11.5,12.3,13.7,14.7,14.5,16.6,15.3,22.3,24.0,26.6,28.5,28.5,31.8,27.9,22.1,22.2,22.1,22.6,22.7,23.7,23.3,18.4,18.4,18.4,16.6,14.8,18.4,27.7,998.0,999.4,1001.3,1002.8,1001.7,1001.6,1001.9,309.6,318.7,294.8,303.2,310.7,306.5,305.0,144,39182,467719,38446,42.41,42.17,39.73,40.13,40.92,40.47,40.54,39.1,37.66,28.5,25.98,42.41,41.072,5,5,5,1175.0,398.06,32.72,33.35
Ghazipur,25.58,83.57,40.0,36.6,34.9,34.5,36.0,36.9,36.1,42.6,46.3,45.1,40.6,39.4,40.2,42.4,18.2,25.3,26.3,23.3,20.3,20.0,23.2,30.9,55.8,63.0,55.6,44.6,39.3,50.0,25.4,28.5,28.6,26.7,25.3,25.4,27.0,22.3,25.9,14.8,16.6,14.8,14.8,11.2,996.5,998.9,1000.1,1002.3,1001.2,1000.8,1001.7,264.8,291.3,309.2,276.2,293.5,301.1,304.4,144,23542,358729,37333,43.75,40.61,40.08,39.16,40.98,41.85,41.82,40.0,36.4,63.0,49.98,43.75,40.916,5,5,5,3377.0,106.23,11.06,6.97
Gonda,27.136,81.96,38.0,35.9,34.9,33.1,34.4,33.4,33.8,45.4,43.0,43.4,37.9,40.4,38.3,39.8,24.1,23.8,25.2,22.8,23.5,22.8,23.6,46.5,51.6,58.9,56.5,54.9,55.2,56.4,28.1,27.3,27.9,25.8,26.7,25.9,26.5,16.2,18.7,22.0,17.3,12.6,16.9,20.9,996.7,999.0,1000.7,1002.4,1001.4,1001.1,1002.1,302.8,312.5,314.0,305.4,297.7,297.4,308.7,136,15708,374592,30292,42.79,40.55,39.28,37.72,39.51,37.85,38.06,38.0,35.260000000000005,58.9,53.67999999999999,42.79,39.97,5,5,5,4425.0,84.65,6.85,3.55
Gorakhpur,26.764,83.404,36.8,34.6,34.2,32.0,34.0,33.1,33.5,48.8,42.5,43.8,37.6,40.5,38.2,40.5,26.7,24.8,26.1,23.8,24.0,23.0,24.7,58.0,57.9,64.1,63.2,58.2,56.5,61.3,29.4,27.5,28.2,26.1,26.9,26.0,27.1,20.5,18.7,20.9,15.8,15.1,18.7,20.9,996.8,999.2,1000.6,1002.3,1001.2,1001.3,1002.2,295.6,298.8,307.4,277.6,298.3,303.3,301.2,178,23735,407162,45721,41.31,39.25,38.67,36.64,39.11,37.72,37.95,36.8,34.32000000000001,64.1,60.28,41.31,38.996,5,5,5,3325.0,122.45,13.75,7.14
Hamirpur,25.95,80.15,39.8,39.1,38.3,37.3,37.7,37.5,37.4,41.5,40.1,40.2,42.7,40.7,39.3,39.9,18.4,17.8,18.3,22.1,19.5,17.7,19.0,29.7,30.3,32.6,43.0,37.5,33.1,35.8,25.4,24.9,24.9,26.7,25.4,24.3,25.0,15.1,19.8,19.1,15.8,15.8,24.1,18.4,996.4,998.3,999.0,1001.0,1000.4,1000.1,1000.7,264.7,282.0,287.6,285.8,301.2,297.8,303.8,44,6726,33948,11361,43.37,42.55,41.92,41.31,41.92,40.88,41.34,39.8,38.44,43.0,34.62,43.37,42.214,5,5,5,4325.0,7.85,2.63,1.56
Hapur,28.731,77.776,39.0,38.6,36.4,36.6,37.0,36.8,37.5,39.0,38.6,36.0,36.6,37.4,37.9,38.2,12.0,12.8,13.8,14.8,14.8,16.6,15.7,22.9,24.6,27.0,28.7,29.1,32.2,29.1,22.3,22.4,22.1,22.6,22.8,23.6,23.4,18.4,18.4,18.4,16.6,14.8,18.4,27.7,998.0,999.4,1001.3,1002.8,1001.7,1001.6,1001.9,302.3,317.8,297.3,300.4,312.3,311.4,307.9,54,15400,135582,9039,42.25,42.12,39.61,40.03,40.81,40.29,40.33,39.0,37.52,29.1,26.46,42.25,40.964,5,5,5,660.0,205.43,13.7,23.33
Hardoi,27.42,80.12,36.9,36.3,34.8,34.0,34.6,34.3,34.6,41.8,38.4,40.1,37.9,39.0,38.4,39.6,22.2,18.7,22.4,21.4,22.0,21.6,22.5,44.3,37.5,49.9,49.1,50.5,49.6,51.4,26.6,24.4,26.1,25.2,25.8,25.5,26.1,12.6,12.6,21.2,11.9,19.4,18.7,16.2,996.4,997.9,999.4,1001.6,1000.5,1000.4,1001.0,281.3,312.4,308.8,288.0,296.3,297.8,309.4,163,13721,432264,33512,41.19,41.14,38.68,38.47,38.36,38.12,38.9,36.9,35.32,50.5,46.26,41.19,39.568,5,5,5,5986.0,72.21,5.6,2.29
Hathras,27.599,78.053,37.7,37.6,36.5,36.2,35.9,37.2,36.6,39.8,38.7,38.0,37.9,38.5,38.3,38.9,19.0,17.2,18.0,17.9,19.6,17.1,18.8,34.8,31.7,35.3,35.5,41.3,31.4,36.8,25.1,24.1,24.2,24.0,24.9,23.9,24.6,15.8,18.7,22.3,20.5,16.6,15.8,18.0,996.5,998.1,999.1,1001.5,1000.8,1000.5,1000.8,291.3,290.2,308.0,271.1,307.4,314.5,305.8,63,8902,159029,10602,41.31,40.86,39.82,39.04,39.69,41.09,40.17,37.7,36.78,41.3,35.720000000000006,41.31,40.144,5,5,5,1752.0,90.77,6.05,5.08
Jalaun,26.143,79.326,39.2,38.7,38.2,36.6,36.8,37.4,37.3,41.4,39.6,39.4,38.3,39.1,38.0,38.7,18.5,17.1,17.4,18.2,19.0,16.3,17.5,30.7,29.5,30.6,35.4,37.2,30.0,32.4,25.3,24.4,24.4,24.3,24.8,23.5,24.2,21.6,23.0,16.2,14.4,14.4,16.9,20.9,996.4,998.3,998.6,1000.9,1000.4,999.9,1000.6,260.7,285.8,294.4,293.1,290.3,301.5,303.5,68,8642,155116,19010,42.04,41.84,42.02,40.63,40.78,41.2,40.82,39.2,37.9,37.2,32.68000000000001,42.04,41.462,5,5,5,4565.0,33.98,4.16,1.89
Jaunpur,25.73,82.68,40.3,36.9,35.1,34.4,36.1,37.1,36.3,42.2,46.6,45.2,40.3,39.0,39.9,42.3,17.7,25.2,26.3,23.1,19.8,19.5,23.0,29.1,54.9,62.6,55.4,43.0,37.8,49.2,25.2,28.5,28.7,26.5,25.1,25.2,26.9,22.3,25.9,14.8,16.6,14.8,14.8,11.7,996.5,998.9,1000.0,1002.2,1001.1,1000.8,1001.7,244.6,254.5,305.9,294.6,299.1,311.0,307.9,178,19396,439913,50080,43.37,40.16,40.34,39.18,41.06,42.1,41.98,40.3,36.56,62.6,49.0,43.37,40.822,5,5,5,4038.0,108.94,12.4,4.8
Jhansi,25.449,78.57,39.2,39.4,38.9,37.6,37.3,38.4,38.1,41.6,40.7,40.7,38.9,39.1,39.7,39.9,18.8,17.4,17.8,17.3,18.3,17.7,18.2,31.9,29.3,30.3,31.7,34.2,31.1,32.2,25.5,24.8,24.8,24.2,24.5,24.6,24.8,27.4,20.5,22.3,15.1,12.6,19.8,25.2,997.9,999.4,999.9,1002.0,1001.6,1000.8,1002.0,268.2,283.2,271.0,302.9,273.6,289.3,289.0,82,13014,176054,20018,41.81,42.58,41.76,41.6,41.03,41.68,41.05,39.4,38.48,34.2,31.48,42.58,41.756,5,5,5,5024.0,35.04,3.98,2.59
Kannauj,27.032,79.921,37.3,37.2,36.1,34.9,35.5,34.9,35.3,40.3,38.6,39.8,37.9,39.1,37.5,38.9,20.1,18.5,20.5,20.1,20.8,19.5,20.8,38.4,35.5,41.8,43.8,44.6,42.3,45.0,25.6,24.6,25.4,24.8,25.4,24.5,25.3,10.1,16.6,20.5,14.0,19.4,16.6,14.8,996.2,998.1,999.2,1001.4,1000.5,1000.3,1000.9,283.4,306.3,308.1,288.2,284.8,299.3,314.4,66,5959,172268,13137,41.96,41.34,39.95,39.02,38.99,38.87,39.81,37.3,36.2,44.6,40.82,41.96,40.252,5,5,5,1993.0,86.44,6.59,2.99
Kanpur Dehat,26.438,79.859,39.3,38.6,38.0,36.6,36.8,36.8,36.8,41.2,39.4,39.4,38.6,38.7,38.0,38.9,18.1,17.1,17.9,18.7,18.5,17.3,18.7,29.7,29.6,31.9,36.5,36.0,33.0,36.2,25.1,24.3,24.6,24.5,24.5,23.9,24.6,13.3,17.6,16.2,14.4,17.3,16.9,18.4,996.3,998.3,999.0,1001.2,1000.6,1000.2,1000.8,271.9,296.5,296.3,291.5,286.0,301.5,312.9,71,19400,168821,18987,43.13,42.41,41.96,40.7,40.45,40.72,40.82,39.3,37.86,36.5,32.739999999999995,43.13,41.73,5,5,5,3021.0,55.88,6.29,6.42
Kanpur Nagar,26.436,80.33,38.3,38.4,35.5,35.7,35.9,35.4,34.5,41.7,39.4,41.6,38.7,38.7,37.4,38.6,19.8,16.3,23.2,19.9,19.5,18.8,21.7,36.3,29.7,51.3,41.3,41.7,39.1,49.7,25.8,23.9,26.9,25.0,24.9,24.3,25.6,22.3,22.3,24.1,14.8,22.3,18.4,18.4,996.7,998.1,999.9,1001.7,1000.9,1000.9,1001.7,280.2,294.0,296.0,289.1,290.4,294.8,308.9,194,28600,338071,48679,41.63,41.86,39.07,39.84,39.35,39.2,38.64,38.4,36.76,51.3,40.06,41.86,40.35,5,5,5,3156.0,107.12,15.42,9.06
Kasganj,27.813,78.65,36.5,36.1,35.1,34.4,34.7,34.9,35.2,40.4,38.0,38.3,37.2,38.4,37.2,39.1,21.1,18.0,20.5,19.8,21.2,19.0,21.0,42.8,36.2,44.6,43.8,46.9,40.5,46.1,25.9,24.0,25.1,24.5,25.3,24.2,25.5,10.8,16.9,22.3,13.0,17.6,16.9,14.4,996.7,998.0,999.1,1001.7,1000.7,1000.3,1000.8,284.5,293.4,298.2,271.6,301.6,315.8,317.6,58,4166,145777,9718,40.8,39.7,38.41,38.03,38.43,38.88,39.54,36.5,35.36,46.9,42.86,40.8,39.074,5,5,5,1955.0,74.57,4.97,2.13
Kaushambi,25.377,81.515,40.1,38.7,36.0,35.8,36.7,37.4,36.8,41.6,41.0,40.9,39.3,40.2,39.3,39.4,18.9,19.2,21.7,20.7,20.7,18.5,19.6,29.8,34.9,45.6,42.5,42.5,35.0,38.1,25.8,25.5,26.1,25.4,25.7,24.7,25.1,18.0,13.0,16.2,15.5,12.2,18.4,14.0,996.1,998.2,999.6,1001.5,1000.5,1000.3,1001.0,262.2,260.0,279.3,258.9,297.1,289.7,309.0,63,10556,177787,13089,43.67,42.76,40.19,39.56,41.8,41.41,41.77,40.1,37.46,45.6,39.06,43.67,41.596,5,5,5,1837.0,96.78,7.13,5.75
Kheri,27.905,80.799,36.5,36.1,35.0,33.4,34.5,34.0,34.4,43.5,41.1,41.7,37.0,39.0,37.9,39.9,23.5,22.0,23.9,21.4,22.1,21.7,23.2,48.9,45.9,55.0,51.5,50.0,50.5,53.7,27.3,26.3,27.1,25.1,25.8,25.4,26.4,16.9,13.0,23.0,16.2,18.7,22.0,16.6,996.9,998.3,1000.1,1001.8,1001.1,1000.8,1001.8,297.5,315.3,311.6,294.3,302.3,302.8,304.2,160,12754,435145,31090,40.74,41.18,38.94,37.54,38.53,37.74,38.68,36.5,35.1,55.0,50.260000000000005,41.18,39.386,5,5,5,,,,
Kushi Nagar,17.314,76.793,34.0,35.0,35.1,34.1,29.0,30.2,27.7,35.5,37.1,38.0,37.2,31.9,34.1,30.1,18.4,19.2,20.3,20.8,23.0,23.4,23.2,42.2,41.3,43.2,47.5,71.7,68.8,77.8,23.6,24.3,25.0,25.0,24.7,25.3,24.5,23.8,24.5,19.4,21.2,16.6,15.8,19.1,1003.1,1003.4,1003.4,1004.3,1007.1,1006.4,1007.3,303.7,271.9,245.0,224.0,174.2,203.7,98.9,141,19800,187573,12505,37.53,37.94,37.91,36.46,30.84,32.6,28.49,35.1,33.44,71.7,49.17999999999999,37.94,36.136,5,4,4,,,,
Lalitpur,24.69,78.41,37.7,37.3,37.3,36.6,36.0,36.5,36.6,40.2,38.9,39.8,38.1,37.8,38.1,39.0,19.2,17.9,19.2,17.9,18.2,18.1,19.1,35.5,33.4,35.6,34.6,36.2,35.0,36.9,25.2,24.4,25.1,24.2,24.1,24.2,24.8,23.8,19.4,19.8,17.6,13.7,25.9,23.8,997.7,999.1,999.7,1000.8,1000.8,1001.1,1001.8,277.9,275.1,272.5,296.8,279.2,290.7,263.8,49,5293,144991,9952,40.67,40.45,40.4,40.27,39.73,39.45,39.28,37.7,36.98,36.2,35.06,40.67,40.304,5,5,5,5039.0,28.77,1.97,1.05
Lucknow,26.85,80.95,38.1,38.3,35.3,35.5,35.7,35.2,34.2,42.0,39.3,41.6,38.7,38.6,37.3,38.5,20.2,16.4,23.3,20.2,19.6,18.9,21.9,37.7,29.9,52.0,42.3,42.4,39.5,50.7,26.0,23.9,26.9,25.1,24.9,24.3,25.7,22.3,22.3,24.1,14.8,22.3,18.4,18.4,996.8,998.1,1000.0,1001.7,1000.8,1000.8,1001.7,281.0,295.1,299.1,286.4,294.6,292.9,310.4,194,45274,357215,41516,41.55,41.87,39.01,39.7,39.32,39.06,38.47,38.3,36.58,52.0,40.86,41.87,40.29,5,5,5,2528.0,141.3,16.42,17.91
Maharajganj,27.145,83.562,36.2,34.1,33.8,31.3,33.4,32.0,32.4,45.9,40.6,42.0,35.6,39.3,36.4,38.1,25.5,23.8,25.2,22.8,23.6,22.7,23.9,55.2,56.0,62.0,61.6,58.0,58.3,61.8,28.4,26.8,27.6,25.2,26.4,25.4,26.3,20.5,18.7,18.7,16.2,15.1,14.8,18.4,997.0,999.6,1001.0,1002.7,1001.5,1001.7,1002.6,296.5,282.9,298.6,271.2,292.3,301.0,280.9,106,12174,274223,18282,40.66,38.58,38.46,35.73,38.43,37.12,36.74,36.2,33.760000000000005,62.0,58.55999999999999,40.66,38.372,5,5,5,2953.0,92.86,6.19,4.12
Mahoba,25.292,79.871,39.8,39.5,38.5,37.7,37.8,38.2,37.9,41.2,40.1,40.1,39.5,39.3,38.9,39.0,17.4,16.3,17.7,18.0,17.7,16.5,17.0,28.4,27.0,31.3,32.7,32.6,29.2,30.5,24.9,24.2,24.6,24.6,24.4,23.9,24.1,21.2,14.8,18.4,13.7,12.6,20.5,24.8,997.0,998.6,999.3,1001.0,1000.7,1000.4,1001.1,253.5,264.4,271.1,281.8,292.2,292.8,298.8,35,5144,84218,10207,42.62,42.99,41.83,41.72,42.17,41.68,41.21,39.8,38.66,32.7,30.4,42.99,42.266,5,5,5,2847.0,29.58,3.59,1.81
Mainpuri,27.23,79.02,37.1,37.1,35.8,35.3,35.1,35.6,35.9,39.5,38.0,37.5,37.8,38.1,37.3,38.6,19.4,17.4,18.6,19.7,20.4,17.8,19.7,36.6,32.5,37.9,41.7,44.6,36.1,40.6,25.1,24.0,24.3,24.7,25.0,23.8,24.9,14.8,18.0,12.2,11.2,17.6,17.6,15.8,996.5,998.3,998.9,1001.8,1000.8,1000.3,1000.8,277.3,302.1,305.7,278.9,291.0,314.2,318.5,75,5169,188308,19248,40.74,40.81,40.31,39.41,38.7,39.52,40.13,37.1,36.08,44.6,38.66,40.81,39.99400000000001,5,5,5,2760.0,68.23,6.97,1.87
Mathura,27.492,77.674,38.3,37.8,36.6,35.9,36.0,37.2,37.0,40.6,39.0,38.2,37.4,38.7,38.6,39.3,19.0,17.6,18.1,17.9,19.7,17.5,18.8,33.7,32.4,35.2,36.1,41.1,32.2,36.0,25.2,24.3,24.3,23.9,25.0,24.2,24.7,15.1,20.5,24.1,22.0,13.0,13.7,17.6,996.5,998.1,999.2,1001.6,1000.8,1000.5,1000.8,294.5,293.7,301.0,275.3,307.7,310.8,303.5,104,9622,274451,23208,41.99,40.95,39.66,38.68,40.17,41.23,40.53,38.3,36.92,41.1,35.7,41.99,40.29,5,5,5,3333.0,82.34,6.96,2.89
Meerut,28.98,77.71,39.0,38.4,36.3,36.4,36.9,36.6,37.2,39.2,38.8,36.1,36.5,37.5,37.7,38.3,12.5,13.3,14.0,14.9,15.2,16.8,16.1,23.8,25.7,27.7,29.2,30.1,33.0,30.7,22.5,22.6,22.2,22.6,23.0,23.6,23.5,18.4,18.4,18.4,16.6,14.8,18.4,27.7,997.9,999.4,1001.3,1002.8,1001.6,1001.6,1001.9,306.4,318.1,303.1,310.5,316.4,312.4,306.6,143,41137,346139,30769,42.32,41.92,39.6,39.99,40.78,40.09,40.01,39.0,37.4,30.1,27.3,42.32,40.922,5,5,5,2522.0,137.25,12.2,16.31
Mirzapur,25.146,82.569,40.4,36.9,35.0,34.4,36.1,37.0,36.2,41.9,46.6,45.2,40.3,38.9,39.8,42.3,17.6,25.1,26.3,23.1,19.7,19.6,23.0,28.9,54.5,62.7,55.6,42.7,38.0,49.2,25.2,28.5,28.6,26.6,25.0,25.2,26.9,22.3,25.9,14.8,16.6,14.8,14.8,11.2,996.5,998.9,1000.1,1002.3,1001.2,1000.8,1001.7,250.3,254.5,268.1,264.2,286.8,281.3,311.1,100,12760,271250,23493,43.61,40.18,39.57,38.52,40.84,41.58,41.98,40.4,36.56,62.7,48.88000000000001,43.61,40.544,5,5,5,4522.0,59.98,5.2,2.82
Moradabad,28.832,78.776,36.6,35.3,33.7,33.8,34.3,34.0,33.8,41.5,38.0,37.6,35.8,38.5,37.4,38.4,21.9,19.7,21.4,19.1,21.9,21.1,22.2,45.2,42.7,50.3,43.8,50.4,49.8,51.9,26.4,24.7,25.2,23.9,25.6,25.1,25.7,15.1,13.7,21.6,15.8,14.0,18.0,20.9,996.7,998.1,999.9,1001.5,1000.7,1000.8,1001.5,298.2,313.1,313.4,287.3,320.2,313.8,316.4,128,24217,526832,31262,40.58,39.65,37.31,37.37,38.78,37.86,37.47,36.6,34.739999999999995,50.4,46.48,40.58,38.738,5,5,5,3718.0,141.7,8.41,6.51
Muzaffarnagar,29.482,77.7,36.0,35.0,33.5,33.7,33.5,33.5,33.2,40.8,37.3,35.0,37.2,37.9,36.4,37.1,22.1,19.3,17.9,20.7,22.1,20.7,21.7,47.2,42.2,40.7,48.1,53.5,49.8,52.1,26.3,24.4,23.1,24.8,25.6,24.7,25.2,13.3,13.0,25.2,9.0,14.4,11.2,18.0,996.9,998.1,999.8,1001.3,1000.3,1000.5,1001.2,311.7,324.1,301.9,317.2,320.5,313.8,303.1,115,20050,436383,38619,40.27,39.43,36.46,38.76,37.74,38.03,36.72,36.0,34.34,53.5,46.34,40.27,38.532,5,5,5,4008.0,108.88,9.64,5.0
Pilibhit,28.627,79.806,35.7,34.5,33.6,32.9,33.8,33.5,33.5,40.9,38.1,38.9,35.9,38.7,37.0,38.2,22.6,20.8,23.1,20.7,22.7,21.3,22.5,49.0,48.0,56.3,51.4,54.1,51.1,54.0,26.5,25.1,26.2,24.5,26.0,25.1,25.8,11.5,15.1,18.7,13.0,14.4,14.8,16.9,996.6,998.1,1000.1,1001.5,1000.8,1000.7,1001.8,292.3,316.1,311.4,288.6,303.8,309.5,312.8,81,6136,201540,15137,40.29,38.98,37.64,37.06,38.13,37.83,37.67,35.7,34.1,56.3,51.760000000000005,40.29,38.42,5,5,5,3499.0,57.6,4.33,1.75
Pratapgarh,24.03,74.78,32.7,33.2,32.7,32.8,33.0,33.5,32.5,36.3,36.8,35.0,35.2,34.2,36.1,34.5,22.0,21.6,20.0,20.2,17.9,20.2,19.6,55.9,53.2,49.4,49.6,41.9,46.7,47.4,25.2,25.2,24.1,24.2,23.0,24.4,23.7,22.0,19.8,17.6,15.8,20.2,15.8,18.7,1002.6,1004.1,1004.2,1005.3,1004.9,1005.0,1005.7,311.4,299.8,305.7,303.9,292.9,284.2,295.0,127,12930,102856,6677,35.98,36.43,36.14,36.39,35.98,36.75,35.65,33.2,32.88,55.9,50.0,36.43,36.184,5,5,5,3717.0,27.67,1.8,3.48
Prayagraj,25.436,81.846,39.6,38.2,35.7,35.5,36.4,37.1,36.5,41.3,41.1,41.4,39.3,40.3,39.5,40.1,19.2,20.1,22.5,21.1,21.1,19.3,20.7,31.1,38.0,48.5,44.7,44.4,37.8,41.2,25.7,25.9,26.5,25.7,25.9,25.0,25.6,11.9,13.0,14.4,14.8,11.9,18.4,12.6,996.1,998.4,999.7,1001.7,1000.5,1000.4,1001.1,259.9,252.8,281.3,261.9,298.8,291.0,309.8,241,49531,606553,40437,43.91,42.2,40.27,39.5,41.69,41.24,41.86,39.6,37.08,48.5,41.34,43.91,41.514,5,5,5,5481.0,110.66,7.38,9.04
Rae Bareli,26.224,81.24,38.0,38.3,35.5,35.4,35.8,35.3,34.3,41.9,39.3,42.2,39.0,39.0,37.9,39.0,20.3,17.0,23.5,20.7,19.9,19.5,22.2,37.7,30.7,52.1,43.9,42.7,40.8,51.0,26.0,24.3,27.1,25.4,25.1,24.6,25.9,22.3,22.3,24.1,14.8,22.3,18.4,18.4,997.0,998.2,1000.1,1001.9,1000.9,1000.9,1001.7,280.5,295.1,295.0,291.0,306.1,300.7,310.7,115,21300,314931,31940,41.54,41.99,39.25,39.83,39.74,39.44,38.7,38.3,36.6,52.1,41.42,41.99,40.470000000000006,5,5,5,,,,
Rampur,28.8,79.0,36.0,34.8,33.3,33.4,33.8,33.8,33.6,41.3,38.2,37.6,35.5,38.4,37.3,38.2,22.5,20.6,22.0,19.4,22.4,21.3,22.3,47.7,46.4,53.4,45.6,53.1,50.3,52.8,26.5,25.1,25.4,23.9,25.8,25.2,25.7,10.4,15.8,23.4,18.0,15.1,16.9,20.5,996.8,998.1,1000.0,1001.6,1000.8,1000.8,1001.7,296.5,312.9,313.0,287.6,316.4,313.0,315.6,94,8504,254161,14427,40.7,38.96,36.83,36.82,38.12,37.8,37.33,36.0,34.260000000000005,53.4,49.24,40.7,38.286,5,5,5,2367.0,107.38,6.1,3.59
Saharanpur,29.964,77.546,35.6,34.8,32.7,32.8,33.2,32.8,32.6,38.1,35.2,33.3,34.9,35.6,34.1,35.0,19.3,15.8,16.6,18.9,20.1,18.6,19.8,41.2,35.3,40.9,45.7,49.1,46.0,48.2,24.6,22.4,22.2,23.5,24.3,23.3,23.8,14.0,14.8,18.7,11.9,19.4,15.1,25.9,996.4,997.8,999.2,1000.9,1000.1,999.9,1001.2,318.0,330.5,298.6,316.2,321.5,314.9,297.6,141,17018,353758,30335,39.75,38.95,35.96,37.18,36.83,36.69,35.46,35.6,33.82000000000001,49.1,42.440000000000005,39.75,37.734,5,5,5,3689.0,95.9,8.22,4.61
Sambhal,28.58,78.55,35.3,34.2,33.2,33.4,34.2,33.6,33.5,41.4,37.3,35.5,36.1,38.6,36.8,38.0,23.2,20.3,19.8,20.0,22.0,21.0,22.4,52.5,46.0,46.6,46.8,50.0,50.3,54.2,26.8,24.7,24.1,24.3,25.6,24.9,25.7,10.4,10.1,22.7,17.3,11.9,15.8,19.1,996.7,998.0,999.7,1001.7,1000.7,1000.5,1001.3,295.3,309.3,308.4,277.4,316.9,316.0,316.5,89,18900,222233,14815,39.94,39.08,36.59,36.67,38.91,37.7,37.3,35.3,34.06,52.5,48.38,39.94,38.238,5,5,5,2453.0,90.6,6.04,7.7
Sant Kabeer Nagar,26.788,83.023,37.3,35.1,34.5,32.1,34.3,33.3,33.7,48.4,42.5,44.2,37.8,40.9,38.5,40.9,26.2,24.4,26.1,23.9,24.1,23.0,24.7,54.7,55.7,63.1,63.1,57.3,55.9,60.9,29.2,27.4,28.3,26.2,27.0,26.0,27.2,20.5,19.8,20.5,16.6,13.7,18.4,20.9,996.6,999.0,1000.5,1002.3,1001.0,1001.1,1002.0,296.1,310.2,311.7,296.2,299.0,301.1,307.7,68,6194,174320,11621,41.81,39.64,39.03,36.95,39.59,37.93,38.18,37.3,34.660000000000004,63.1,58.78,41.81,39.404,5,5,5,,,,
Shahjahanpur,27.856,79.918,37.1,35.6,34.8,33.9,34.4,34.2,34.0,42.2,38.1,40.3,36.6,38.5,38.1,38.7,22.3,19.3,22.8,20.1,21.7,21.4,22.3,44.7,40.8,51.9,46.3,49.8,49.4,51.9,26.8,24.6,26.4,24.5,25.6,25.4,25.8,12.2,13.0,21.6,13.0,18.0,16.9,16.9,996.4,997.9,999.6,1001.4,1000.6,1000.7,1001.3,280.4,314.0,308.2,288.5,302.6,297.9,306.5,121,8817,334729,19345,41.37,40.35,38.59,38.1,38.33,38.14,38.11,37.1,35.160000000000004,51.9,46.7,41.37,39.348,5,5,5,4575.0,73.16,4.23,1.93
Shamli,29.45,77.32,36.8,35.5,35.3,35.0,34.9,34.8,33.7,40.2,37.4,36.2,37.1,37.3,36.3,36.9,20.6,18.5,16.7,19.0,19.1,18.0,20.8,42.3,39.4,34.1,40.2,40.7,38.2,48.0,25.7,24.1,23.1,24.2,24.2,23.6,24.8,12.6,14.8,28.1,12.6,16.9,14.0,14.0,996.5,998.1,999.6,1001.2,1000.1,1000.2,1000.9,319.9,325.1,293.4,314.1,317.7,311.5,293.6,53,14300,129466,8631,41.21,39.63,37.92,39.2,38.66,38.72,37.39,36.8,35.5,42.3,39.34,41.21,39.324,5,5,5,1063.0,121.79,8.12,13.45
Shravasti,27.505,82.034,37.6,35.7,34.6,32.8,33.9,32.9,33.5,44.9,41.9,42.3,37.0,39.7,37.3,39.2,23.5,23.3,24.8,22.3,23.4,22.5,23.4,46.1,50.5,57.8,55.7,55.8,56.0,56.5,27.7,26.9,27.5,25.4,26.5,25.6,26.3,16.6,18.7,20.9,17.6,11.9,16.9,17.6,996.9,999.0,1000.7,1002.5,1001.5,1001.1,1002.2,308.1,313.4,315.0,306.1,292.1,297.3,307.7,44,3228,114175,7612,42.42,40.34,39.07,37.36,38.98,37.33,38.06,37.6,34.92,57.8,53.17999999999999,42.42,39.634,5,5,5,1948.0,58.61,3.91,1.66
Siddharth Nagar,19.316,84.81,32.1,31.6,30.6,31.1,30.0,31.2,31.3,44.5,43.5,39.3,41.3,36.3,39.8,39.1,28.2,28.3,26.9,27.5,25.7,26.3,26.0,80.2,83.3,81.0,81.9,78.5,75.7,74.4,29.1,29.0,27.8,28.4,26.7,27.5,27.3,23.8,23.8,23.4,23.0,17.6,15.8,13.0,1000.1,1001.7,1003.0,1004.5,1004.5,1004.2,1004.3,221.4,260.3,285.9,252.6,201.1,274.9,269.9,101,16200,260971,17398,36.13,35.64,34.64,35.17,33.81,35.99,36.51,32.1,31.08,83.3,80.97999999999999,36.13,35.078,5,5,5,,,,
Sitapur,27.57,80.66,37.0,35.8,34.4,33.2,34.3,33.9,34.2,43.7,40.1,41.3,37.1,38.6,37.6,40.1,23.2,21.5,23.8,21.6,21.9,21.4,23.5,46.8,44.9,55.5,52.3,50.0,49.9,55.4,27.3,25.9,26.8,25.1,25.6,25.2,26.6,13.0,14.4,22.0,17.6,18.0,19.4,17.3,996.6,998.1,999.9,1001.8,1001.0,1000.7,1001.4,290.7,305.7,306.6,288.4,295.7,295.2,302.4,179,12304,493654,39407,41.59,40.43,38.32,37.08,38.26,37.69,38.38,37.0,34.94,55.5,49.9,41.59,39.136,5,5,5,5743.0,85.96,6.86,2.14
Sonbhadra,24.408,83.053,38.5,37.2,35.5,33.6,33.7,34.5,34.6,40.3,39.1,38.7,37.0,36.9,37.6,38.3,18.7,18.6,20.5,21.3,21.0,20.5,21.2,33.1,34.9,43.3,49.3,49.9,45.8,48.4,25.1,24.7,25.2,25.1,25.0,24.9,25.4,15.8,14.4,14.4,13.0,14.4,14.4,18.0,997.1,999.4,1000.5,1002.6,1002.2,1001.7,1002.1,270.0,274.0,288.9,249.1,256.3,268.7,297.3,75,7998,214024,14278,43.0,41.95,40.53,37.96,38.02,39.09,39.21,38.5,35.7,49.9,42.1,43.0,40.292,5,5,5,6788.0,31.53,2.1,1.18
Sultanpur,26.258,82.072,37.8,37.4,35.1,34.2,35.3,34.7,35.1,42.9,43.2,44.9,40.4,40.8,38.9,42.5,22.0,22.9,25.9,23.8,22.8,21.7,24.4,41.7,46.4,60.5,56.5,51.0,48.9,55.4,26.8,27.2,28.4,26.8,26.5,25.7,27.4,12.6,13.0,17.6,13.7,14.4,17.3,17.3,996.5,998.6,1000.1,1001.9,1000.8,1000.6,1001.5,286.7,285.1,298.8,297.9,298.7,302.6,309.1,96,19050,366307,39719,42.8,42.29,39.77,39.28,40.22,39.28,39.86,37.8,35.96,60.5,51.220000000000006,42.8,40.872,5,5,5,4436.0,82.58,8.95,4.29
Unnao,26.55,80.49,38.2,38.3,35.5,35.7,35.9,35.4,34.4,41.7,39.3,41.7,38.7,38.7,37.4,38.6,19.9,16.4,23.2,19.9,19.5,18.9,21.7,36.6,29.8,51.5,41.5,41.9,39.2,49.9,25.8,23.9,26.9,25.1,24.9,24.3,25.6,22.3,22.3,24.1,14.8,22.3,18.4,18.4,996.7,998.1,999.9,1001.7,1000.9,1000.9,1001.7,280.8,296.2,296.9,288.2,294.4,294.1,308.9,125,9674,286855,27927,41.57,41.82,39.1,39.85,39.44,39.21,38.56,38.3,36.72,51.5,40.260000000000005,41.82,40.356,5,5,5,4561.0,62.89,6.12,2.12
Varanasi,25.319,83.013,40.1,36.8,34.9,34.2,36.0,36.9,36.2,42.0,46.5,45.1,40.3,38.9,39.8,42.3,17.9,25.2,26.3,23.3,19.8,19.6,23.0,29.8,55.0,63.1,56.4,43.1,38.2,49.2,25.3,28.5,28.6,26.6,25.0,25.2,27.0,22.3,25.9,14.8,16.6,14.8,14.8,11.2,996.6,998.9,1000.1,1002.3,1001.2,1000.8,1001.7,253.2,270.4,293.0,271.5,287.3,283.4,307.4,152,28024,324497,34409,43.47,40.49,40.11,38.61,40.87,41.63,41.95,40.1,36.4,63.1,49.48,43.47,40.71,5,5,5,1535.0,211.4,22.42,18.26
