District,Area_km2
Agra,4027
Aligarh,3747
Ambedkar Nagar,2372
Amethi,3063
Amroha,2321
Auraiya,2051
Ayodhya,2765
Azamgarh,4053
Bagpat,1345
Bahraich,4926
Ballia,2981
Balrampur,3349
Banda,4413
Barabanki,3825
Bareilly,4120
Bhadohi,960
Bijnor,4561
Budaun,5168
Bulandshahr,3719
Chandauli,2554
Chitrakoot,3202
Deoria,2535
Etah,2456
Etawah,2287
Farrukhabad,2279
Fatehpur,4152
Firozabad,2361
Gautam Buddha Nagar,1269
Ghaziabad,1175
Ghazipur,3377
Gonda,4425
Gorakhpur,3325
Hamirpur,4325
Hapur,660
Hardoi,5986
Hathras,1752
Jalaun,4565
Jaunpur,4038
Jhansi,5024
Kannauj,1993
Kanpur Dehat,3021
Kanpur Nagar,3156
Kasganj,1955
Kaushambi,1837
Kushinagar,2909
Lakhimpur Kheri,7674
Lalitpur,5039
Lucknow,2528
Maharajganj,2953
Mahoba,2847
Mainpuri,2760
Mathura,3333
Meerut,2522
Mirzapur,4522
Moradabad,3718
Muzaffarnagar,4008
Pilibhit,3499
Pratapgarh,3717
Prayagraj,5481
Raebareli,4609
Rampur,2367
Saharanpur,3689
Sambhal,2453
Sant Kabir Nagar,1442
Shahjahanpur,4575
Shamli,1063
Shravasti,1948
Siddharthnagar,2751
Sitapur,5743
Sonbhadra,6788
Sultanpur,4436
Unnao,4561
Varanasi,1535
